Genus,species,,type,Synonym,Ensembl,JGI,FungiDB,Other,NCBI,NCBI Tax ID
Aaosphaeria,arxii,,CBS 175.79,,,JGI,,,,1450172
Abortiporus,biennis,,,,,JGI,,,,137743
Absidia,glauca,,,,Ensembl,,,,NCBI,4829
Absidia,repens,,,,,JGI,,,NCBI,90262
Acaromyces,ingoldii,,,,,JGI,,,,215250
Acephala,macrosclerotiorum,,,,,JGI,,,,886606
Acidomyces,richmondensis,,BFW,,Ensembl,JGI,,,NCBI,766039
Acidomyces,richmondensis,,,,Ensembl,,,,NCBI,245562
Acidothrix,acidophila,,CBS 136259,,,JGI,,,,1442179
Acremonium,alcalophilum,,,,,JGI,,,,398408
Acremonium,chrysogenum,,ATCC 11550,,Ensembl,JGI,,,NCBI,857340
Acremonium,strictum,,,,,JGI,,,,5046
Agaricus,bisporus,var. bisporus,H97,,,JGI,,,NCBI,936046
Agaricus,bisporus,var. burnettii,JB137-S8,,Ensembl,JGI,,,NCBI,597362
Agrocybe,pediades,,,,,JGI,,,,84607
Aliquandostipite,khaoyaiensis,,,,,JGI,,,,112102
Allomyces,macrogynus,,ATCC 38327,,Ensembl,JGI,FungiDB,,NCBI,578462
Alternaria,alternata,,,,Ensembl,JGI,,,NCBI,5599
Alternaria,brassicicola,,,,,JGI,,,,29001
Amanita,muscaria,,Koide BX008,,Ensembl,JGI,,,NCBI,946122
Amanita,thiersii,,Skay4041,,,JGI,,,NCBI,703135
Amniculicola,lignicola,,CBS 123094,,,JGI,,,,1392246
Amorphotheca,resinae,,ATCC 22711,,,,,,NCBI,857342
Amorphotheca,resinae,,,,,JGI,,,,5101
Ampelomyces,quisqualis,,,,,JGI,,,,50730
Amphiamblys,sp.,,WSBS2006,,Ensembl,,,,NCBI,1866961
Amylostereum,chailletii,,,,,JGI,,,,55340
Anaeromyces,robustus,,,,,JGI,,,NCBI,1754192
Anncaliia,algerae,,PRA109,,Ensembl,,,,NCBI,1240240
Anncaliia,algerae,,PRA339,,Ensembl,,,,NCBI,1288291
Anomoporia,bombycina,,,,,JGI,,,,264122
Anthostoma,avocetta,,NRRL 3190,,,JGI,,,,1405086
Anthracocystis,flocculosa,,PF-1,,Ensembl,,,,NCBI,1277687
Antonospora,locustae,,HM-2013,,,JGI,,,,1284279
Antrodia,serialis,,,,,JGI,,,,139415
Antrodia,sinuosa,,LB1,,,JGI,,,,1158206
Apiospora,montagnei,,NRRL 25634,,,JGI,,,,1149870
Aplosporella,prunicola,,CBS 121167,,,JGI,,,,1176127
Armillaria,cepistipes,,,,,JGI,,,,47426
Armillaria,gallica,,,,,JGI,,,NCBI,47427
Armillaria,mellea,,DSM 3731,,,JGI,,,,1314977
Armillaria,ostoyae,,,,,JGI,,,NCBI,47428
Armillaria,solidipes,,,,,JGI,,,NCBI,1076256
Arthrobotrys,oligospora,,ATCC 24927,,Ensembl,JGI,,,NCBI,756982
Arthroderma,benhamiae,,CBS 112371,,,JGI,,,,663331
Arthroderma,otae,,CBS 113480,,Ensembl,,,,,554155
Aschersonia,aleyrodis,,RCEF 2490,,Ensembl,,,,,1081109
Ascobolus,immersus,,RN42,,,JGI,,,,1160509
Ascochyta,rabiei,,,,Ensembl,JGI,,,NCBI,5454
Ascocoryne,sarcoides,,NRRL50072,,,JGI,,,,1016881
Ascodesmis,nigricans,,,,,JGI,,,,341454
Ascoidea,rubescens,,DSM 1968,,Ensembl,,,,NCBI,1344418
Ascoidea,rubescens,,NRRL Y17699,,,JGI,,,,983968
Ascosphaera,apis,,ARSEF 7405,,Ensembl,,,,NCBI,392613
Ashbya,gossypii,,,Eremothecium gossypii ATCC 10895,Ensembl,,,,,284811
Aspergillus,acristatulus,,CBS 119.55,Aspergillus nidulans var. acristatus,,JGI,,,,286159
Aspergillus,aculeatinus,,CBS 121060,,,JGI,,,,1448322
Aspergillus,aculeatus,,ATCC 16872,,Ensembl,JGI,FungiDB,,NCBI,690307
Aspergillus,arachidicola,,,,,,,,NCBI,656916
Aspergillus,bombycis,,NRRL 26010,,Ensembl,JGI,,,NCBI,109264
Aspergillus,brasiliensis,,CBS 101740,,Ensembl,,FungiDB,,NCBI,767769
Aspergillus,brasiliensis,,,,,JGI,,,,319629
Aspergillus,brunneoviolaceus,,CBS 621.78,,,JGI,,,,1450534
Aspergillus,calidoustus,,,,Ensembl,JGI,,,NCBI,454130
Aspergillus,campestris,,IBT 28561,,,JGI,,,NCBI,1392248
Aspergillus,candidus,,,,,,,,NCBI,41067
Aspergillus,carbonarius,,ITEM 5010,,Ensembl,JGI,FungiDB,,NCBI,602072
Aspergillus,clavatus,,NRRL 1,,Ensembl,JGI,FungiDB,,NCBI,344612
Aspergillus,costaricaensis,,CBS 115574,,,JGI,,,,1448317
Aspergillus,cristatus,,,,Ensembl,JGI,,,NCBI,573508
Aspergillus,ellipticus,,CBS 707.79,,,JGI,,,,1448320
Aspergillus,eucalypticola,,CBS 122712,,,JGI,,,,1448314
Aspergillus,fijiensis,,CBS 313.89,,,JGI,,,,1448319
Aspergillus,fischeri,,NRRL 181,,,,FungiDB,,NCBI,331117
Aspergillus,flavus,,AF70,,Ensembl,,,,NCBI,1392242
Aspergillus,flavus,,NRRL3357,,Ensembl,JGI,FungiDB,,NCBI,332952
Aspergillus,fumigatus,var.,RP-2014,,Ensembl,,,,NCBI,1476192
Aspergillus,fumigatus,,A1163,,Ensembl,JGI,FungiDB,,NCBI,451804
Aspergillus,fumigatus,,Af293,,,JGI,FungiDB,,NCBI,330879
Aspergillus,fumigatus,,Z5,,Ensembl,,,,NCBI,1437362
Aspergillus,fumigatus,,,,Ensembl,,,,NCBI,330879
Aspergillus,glaucus,,CBS 516.65,,Ensembl,,FungiDB,,NCBI,1160497
Aspergillus,glaucus,,,,,JGI,,,,41413
Aspergillus,heteromorphus,,CBS 117.55,,,JGI,,,,1448321
Aspergillus,homomorphus,,CBS 101889,,,JGI,,,,1450537
Aspergillus,ibericus,,CBS 121593,,,JGI,,,,1448316
Aspergillus,indicus,,,Aspergillus terricola var. indicus,,JGI,,,,138288
Aspergillus,indologenus,,CBS 114.80,,,JGI,,,,1450541
Aspergillus,japonicus,,CBS 114.51,,,JGI,,,,1448312
Aspergillus,kawachii,,IFO 4308,,,JGI,,,NCBI,1033177
Aspergillus,lacticoffeatus,,CBS 101883,,,JGI,,,,1450533
Aspergillus,lentulus,,,,Ensembl,,,,NCBI,293939
Aspergillus,luchuensis,,CBS 106.47,Aspergillus acidus,Ensembl,JGI,FungiDB,,NCBI,1137211
Aspergillus,luchuensis,,,,Ensembl,,,,NCBI,1069201
Aspergillus,multicolor,,,,,JGI,,,,41759
Aspergillus,neoniger,,CBS 115656,,,JGI,,,,1448310
Aspergillus,nidulans,,FGSC A4,,Ensembl,,FungiDB,,NCBI,227321
Aspergillus,nidulans,,,,,JGI,,,,162425
Aspergillus,niger,,ATCC 1015,,Ensembl,JGI,FungiDB,,NCBI,380704
Aspergillus,niger,,ATCC 13496,,,JGI,,,,1353008
Aspergillus,niger,,CBS 513.88,,,JGI,FungiDB,,,425011
Aspergillus,niger,,NRRL3,,Ensembl,JGI,,,NCBI,1451139
Aspergillus,nomius,,NRRL 13137,,Ensembl,JGI,,,NCBI,1509407
Aspergillus,novofumigatus,,IBT 16806,,,JGI,,,NCBI,1392255
Aspergillus,ochraceoroseus,,IBT 24754,,,JGI,,,NCBI,1392256
Aspergillus,ochraceoroseus,,,,Ensembl,JGI,,,NCBI,138278
Aspergillus,olivicola,,,,,JGI,,,,1250372
Aspergillus,oryzae,,3.042,,Ensembl,,,,NCBI,1160506
Aspergillus,oryzae,,100-8,,Ensembl,,,,NCBI,1197718
Aspergillus,oryzae,,RIB40,,Ensembl,JGI,FungiDB,,NCBI,510516
Aspergillus,oryzae,,,,,,,,NCBI,5062
Aspergillus,parasiticus,,SU-1,,Ensembl,,,,NCBI,1403190
Aspergillus,phoenicis,,ATCC 13157,,,JGI,,,,1353007
Aspergillus,piperis,,CBS 112811,,,JGI,,,,1448313
Aspergillus,rambellii,,,,Ensembl,JGI,,,NCBI,308745
Aspergillus,recurvatus,,,,,JGI,,,,41761
Aspergillus,ruber,,CBS 135680,,Ensembl,,,,NCBI,1388766
Aspergillus,saccharolyticus,,JOP 1030-1,,,JGI,,,,1450539
Aspergillus,sclerotiicarbonarius,,CBS 121057,,,JGI,,,,1448318
Aspergillus,sclerotioniger,,CBS 115572,,,JGI,,,,1450535
Aspergillus,steynii,,IBT 23096,,,JGI,,,NCBI,1392250
Aspergillus,sydowii,,CBS 593.65,,Ensembl,JGI,FungiDB,,NCBI,1036612
Aspergillus,terreus,,NIH2624,,,JGI,FungiDB,,NCBI,341663
Aspergillus,terreus,,,,Ensembl,,,,,341663
Aspergillus,thermomutatus,,,,,,,,NCBI,41047
Aspergillus,tubingensis,,CBS 134.48,,Ensembl,JGI,FungiDB,,NCBI,767770
Aspergillus,turcosus,,,,,,,,NCBI,1245748
Aspergillus,udagawae,,,,Ensembl,JGI,,,NCBI,91492
Aspergillus,ustus,,,,Ensembl,,,,,40382
Aspergillus,uvarum,,CBS 121591,,,JGI,,,,1448315
Aspergillus,vadensis,,CBS 113365,,,JGI,,,,1448311
Aspergillus,versicolor,,CBS 583.65,,Ensembl,,FungiDB,,NCBI,1036611
Aspergillus,versicolor,,,,,JGI,,,,46472
Aspergillus,violaceofuscus,,CBS 115571,,,JGI,,,,1450538
Aspergillus,wentii,,DTO 1.34E+11,,,,,,NCBI,1073089
Aspergillus,wentii,,DTO 134E9,,Ensembl,JGI,FungiDB,,,1073089
Aspergillus,zonatus,,CBS 506.65,,,JGI,FungiDB,,,41063
Asterochloris,sp.,,,,,JGI,,,,763042
Atractiellales,sp.,,Cgr/DA1pho,,,JGI,,,,34420
Aulographum,hederae,,,,,JGI,,,,1176130
Aureobasidium,pullulans,var. melanogenum,CBS 110374,,Ensembl,JGI,,,NCBI,1043003
Aureobasidium,pullulans,var. namibiae,CBS 147.97,,Ensembl,JGI,,,NCBI,1043004
Aureobasidium,pullulans,var. pullulans,EXF-150,,Ensembl,JGI,,,NCBI,1043002
Aureobasidium,pullulans,var. subglaciale,EXF-2481,,,JGI,,,NCBI,1043005
Auricularia,subglabra,,TFB-10046 SS5,,,,,,NCBI,717982
Auricularia,subglabra,,,,,JGI,,,,1331295
Auriculariopsis,ampla,,,,,JGI,,,,97359
Auriscalpium,vulgare,,,,,JGI,,,,40419
Babjeviella,inositovora,,NRRL Y-12698,,Ensembl,JGI,,,NCBI,984486
Backusella,circina,,FSU 941,,,JGI,,,,1314798
Basidioascus,undulatus,,,,,JGI,,,,1230402
Basidiobolus,meristosporus,,CBS 931.73,,,JGI,,,NCBI,1314790
Batrachochytrium,dendrobatidis,,JAM81,,Ensembl,JGI,,,NCBI,684364
Batrachochytrium,dendrobatidis,,JEL423,,Ensembl,,FungiDB,,NCBI,403673
Batrachochytrium,salamandrivorans,,,,Ensembl,,,,NCBI,1357716
Baudoinia,compniacensis,,UAMH 10762,,,JGI,,,,717646
Baudoinia,panamericana,,UAMH 10762,,Ensembl,,,,NCBI,717646
Beauveria,bassiana,,ARSEF 2860,,Ensembl,JGI,,,NCBI,655819
Beauveria,bassiana,,D1-5,,Ensembl,,,,NCBI,1245745
Beauveria,bassiana,,,,Ensembl,,,,NCBI,176275
Bifiguratus,adelaidae,,,,,,,,NCBI,1938954
Bimuria,novae-zelandiae,,CBS 107.79,,,JGI,,,,1447943
Bipolaris,maydis,,ATCC 48331,,Ensembl,,,,NCBI,665024
Bipolaris,maydis,,C5,,Ensembl,,,,NCBI,701091
Bipolaris,oryzae,,ATCC 44560,,Ensembl,,,,NCBI,930090
Bipolaris,sorokiniana,,ND90Pr,,Ensembl,,,,NCBI,665912
Bipolaris,victoriae,,FI3,,Ensembl,,,,NCBI,930091
Bipolaris,zeicola,,26-R-13,,Ensembl,,,,NCBI,930089
Biscogniauxia,nummularia,,,,,JGI,,,,97378
Bisporella,sp.,,PMI_857,,,JGI,,,,1954211
Bjerkandera,adusta,,,,,JGI,,,,5331
Blakeslea,trispora,,,,,JGI,,,,4850
Blastobotrys,adeninivorans,,,Arxula adeninivorans,,JGI,,,,409370
Blastocladiella,britannica,,,,,JGI,,,,64508
Blastocladiella,emersonii,,,,,,,richardslab,,4808
Blastomyces,dermatitidis,,ATCC 18188,Ajellomyces dermatitidis,Ensembl,,,,NCBI,653446
Blastomyces,dermatitidis,,ATCC 26199,Ajellomyces dermatitidis,Ensembl,,,,NCBI,447095
Blastomyces,dermatitidis,,ER-3,Ajellomyces dermatitidis,Ensembl,,,,NCBI,559297
Blastomyces,dermatitidis,,SLH14081,Blastomyces gilchristii SLH14081,Ensembl,JGI,,,NCBI,559298
Blastomyces,percursus,,,,Ensembl,,,,NCBI,1658174
Blumeria,graminis,f. sp. hordei,DH14,,,JGI,,,NCBI,546991
Blumeria,graminis,f. sp. tritici,96224,,Ensembl,JGI,,,NCBI,1268274
Blumeria,graminis,,,,Ensembl,,,,,546991
Blyttiomyces,helicus,,,,,JGI,,,,388810
Bolbitius,vitellinus,,,,,JGI,,,,34439
Boletus,edulis,,,,,JGI,,,,36056
Bombardia,bombarda,,,,,JGI,,,,252184
Botryobasidium,botryosum,,FD-172 SS1,,Ensembl,,,,NCBI,930990
Botryobasidium,botryosum,,,,,JGI,,,,264124
Botryosphaeria,dothidea,,,,,JGI,,,,55169
Botrytis,cinerea,,B05.10,,Ensembl,,FungiDB,,NCBI,332648
Botrytis,cinerea,,BcDW1,,Ensembl,,,,NCBI,1290391
Botrytis,cinerea,,T4,,Ensembl,JGI,,,NCBI,999810
Brettanomyces,bruxellensis,,AWRI1499,,Ensembl,,,,NCBI,1124627
Bulgaria,inquinans,,,,,JGI,,,,73172
Byssochlamys,spectabilis,,No. 5,,Ensembl,JGI,,,NCBI,1356009
Byssothecium,circinans,,,,,JGI,,,,147558
Cadophora,sp.,,DSE1049,,,JGI,,,,1485229
Calcarisporiella,thermophila,,,,,,,fungalgenomics.ca,,911321
Caliciopsis,orientalis,,,,,JGI,,,,380014
Calocera,cornea,,HHB12733,,Ensembl,JGI,,,NCBI,1353952
Calocera,viscosa,,TUFC12733,,Ensembl,,,,NCBI,1330018
Calocera,viscosa,,,,,JGI,,,,63146
Caloscypha,fulgens,,,,,JGI,,,,47187
Calosphaeria,pulchella,,,,,JGI,,,,312312
Candida,albicans,,12C,,Ensembl,,,,NCBI,1094981
Candida,albicans,,19F,,Ensembl,,,,NCBI,1094987
Candida,albicans,,Ca6,,Ensembl,,,,NCBI,1165368
Candida,albicans,,GC75,,Ensembl,,,,NCBI,1094988
Candida,albicans,,L26,,Ensembl,,,,NCBI,1094982
Candida,albicans,,P34048,,Ensembl,,,,NCBI,1094991
Candida,albicans,,P37005,,Ensembl,,,,NCBI,1094985
Candida,albicans,,P37037,,Ensembl,,,,NCBI,1094992
Candida,albicans,,P37039,,Ensembl,,,,NCBI,1094993
Candida,albicans,,P57055,,Ensembl,,,,NCBI,1094996
Candida,albicans,,P57072,,Ensembl,,,,NCBI,1094990
Candida,albicans,,P60002,,Ensembl,,,,NCBI,1094986
Candida,albicans,,P75010,,Ensembl,,,,NCBI,1094994
Candida,albicans,,P75016,,Ensembl,,,,NCBI,1094995
Candida,albicans,,P75063,,Ensembl,,,,NCBI,1094997
Candida,albicans,,P76055,,Ensembl,,,,NCBI,1094998
Candida,albicans,,P76067,,Ensembl,,,,NCBI,1094999
Candida,albicans,,P78042,,Ensembl,,,,NCBI,1095000
Candida,albicans,,P78048,,Ensembl,,,,NCBI,1094989
Candida,albicans,,P87,,Ensembl,,,,NCBI,1094984
Candida,albicans,,P94015,,Ensembl,,,,NCBI,1094983
Candida,albicans,,SC5314,,Ensembl,JGI,FungiDB,,NCBI,237561
Candida,albicans,,WO-1,,Ensembl,,,,NCBI,294748
Candida,arabinofermentans,,NRRL YB-2248,,Ensembl,JGI,,,NCBI,983967
Candida,auris,,,,Ensembl,,,,NCBI,498019
Candida,dubliniensis,,CD36,,Ensembl,,,,NCBI,573826
Candida,glabrata,,CBS 138,,Ensembl,,FungiDB,,NCBI,5478
Candida,intermedia,,,,Ensembl,,,,NCBI,45354
Candida,maltosa,,Xu316,,Ensembl,,,,NCBI,1245528
Candida,orthopsilosis,,Co 90-125,,Ensembl,,,,NCBI,1136231
Candida,parapsilosis,,CDC317,,Ensembl,,,,NCBI,5480
Candida,pseudohaemulonis,,,,,,,,NCBI,418784
Candida,sorbophila,,,,,,,,NCBI,45607
Candida,tanzawaensis,,NRRL Y-17324,,Ensembl,JGI,,,,984487
Candida,tenuis,,ATCC 10573,,Ensembl,,,,NCBI,590646
Candida,tenuis,,NRRL Y-1498,,,JGI,,,,45596
Candida,tropicalis,,MYA-3404,,Ensembl,,,,NCBI,294747
Capronia,coronata,,CBS 617.96,,Ensembl,JGI,,,NCBI,1182541
Capronia,epimyces,,CBS 606.96,,Ensembl,JGI,,,NCBI,1182542
Catenaria,anguillulae,,PL171,,,JGI,,,NCBI,765915
Cenococcum,geophilum,,1.58,,,JGI,,,NCBI,794803
Cephaloascus,albidus,,,,,JGI,,,,43958
Cephaloascus,fragrans,,,,,JGI,,,,27311
Ceraceosorus,bombacis,,,,Ensembl,,,,NCBI,401625
Ceraceosorus,sp.,,MCA 4658,,,JGI,,,,1522189
Ceratobasidium,sp.,,,,,JGI,,,,5251
Ceratocystis,fimbriata,,CBS 114723,,,,,,NCBI,1035309
Ceratocystis,platani,,,,Ensembl,,,,NCBI,88771
Cercospora,berteroae,,,,,,,,NCBI,357750
Cercospora,beticola,,,,,,,,NCBI,122368
Cercospora,zeae-maydis,,,,,JGI,,,,135779
Cercospora,zeina,,,,,,,,NCBI,348901
Cerinomyces,ceraceus,,,,,JGI,,,,1175230
Cerrena,unicolor,,,,,JGI,,,,90312
Chaetomium,globosum,,CBS 148.51,,Ensembl,,,,NCBI,306901
Chaetomium,globosum,,,,,JGI,,,,38033
Chaetomium,thermophilum,var. thermophilum,DSM 1495,,Ensembl,,,,NCBI,759272
Chaetosphaeria,innumera,,,,,JGI,,,,139949
Chalara,longipes,,BDJ,,,JGI,,,,1379296
Chionosphaera,apobasidialis,,,,,JGI,,,,54742
Chionosphaera,cuniculicola,,,,,JGI,,,,180810
Chlamydoabsidia,padenii,,NRRL 2977,,,JGI,,,,90267
Choanephora,cucurbitarum,,,,Ensembl,,,,NCBI,101091
Choiromyces,venosus,,120613-1,,,JGI,,,,1336337
Chytridium,lagenaria,,,,,JGI,,,,64509
Chytriomyces,sp.,,MP71,,,JGI,,,,1882861
Circinella,umbellata,,,,,JGI,,,,101103
Cladonia,grayi,,,,,JGI,,,,27339
Cladophialophora,bantiana,,CBS 173.52,,Ensembl,JGI,,,NCBI,1442370
Cladophialophora,carrionii,,CBS 160.54,,Ensembl,JGI,,,NCBI,1279043
Cladophialophora,carrionii,,,,Ensembl,,,,NCBI,86049
Cladophialophora,immunda,,,,Ensembl,JGI,,,NCBI,569365
Cladophialophora,psammophila,,CBS 110553,,Ensembl,JGI,,,NCBI,1182543
Cladophialophora,yegresii,,CBS 114405,,Ensembl,JGI,,,NCBI,1182544
Cladorrhinum,bulbillosum,,,,,JGI,,,,585595
Cladosporium,fulvum,,,,,JGI,,,,5499
Cladosporium,sphaerospermum,,UM 843,,,JGI,,,,1151026
Clathrospora,elynae,,,,,JGI,,,,706981
Claviceps,purpurea,,20.1,,Ensembl,,,,NCBI,1111077
Clavicorona,pyxidata,,,Artomyces pyxidatus,,JGI,,,,48021
Clavispora,lusitaniae,,ATCC 42720,Candida lusitaniae,Ensembl,JGI,FungiDB,,NCBI,306902
Clavulina,sp.,,PMI_390,,,JGI,,,,1486700
Climacocystis,borealis,,,,,JGI,,,,239101
Clohesyomyces,aquaticus,,,,,JGI,,,NCBI,1231657
Clonostachys,rosea,,,,,JGI,,,,29856
Coccidioides,immitis,,H538.4,,Ensembl,,FungiDB,,NCBI,396776
Coccidioides,immitis,,RMSCC 2394,,Ensembl,,,,NCBI,404692
Coccidioides,immitis,,RMSCC 3703,,Ensembl,,,,NCBI,454286
Coccidioides,immitis,,RS,,Ensembl,JGI,FungiDB,,NCBI,246410
Coccidioides,posadasii,str. Silveira,,,Ensembl,,FungiDB,,NCBI,443226
Coccidioides,posadasii,,C735 delta SOWgp,,Ensembl,,FungiDB,,NCBI,222929
Coccidioides,posadasii,,RMSCC 3488,,Ensembl,,FungiDB,,NCBI,454284
Coccodinium,bartschii,,CBS 121709,,,JGI,,,,1450531
Coccomyces,strobi,,,,,JGI,,,,380015
Cochliobolus,carbonum,,26-R-13,,,JGI,,,,930089
Cochliobolus,heterostrophus,,C4,,,JGI,,,,665024
Cochliobolus,heterostrophus,,C5,,,JGI,,,,701091
Cochliobolus,lunatus,,m118,,,JGI,,,,977863
Cochliobolus,miyabeanus,,ATCC 44560,,,JGI,,,,930090
Cochliobolus,sativus,,ND90Pr,,,JGI,,,,665912
Cochliobolus,victoriae,,FI3,,,JGI,,,,930091
Coemansia,reversa,,NRRL 1564,,,JGI,,,NCBI,763665
Coemansia,spiralis,,,,,JGI,,,,417178
Cokeromyces,recurvatus,,,,,JGI,,,,90255
Colletotrichum,acutatum,,,,,JGI,,,,27357
Colletotrichum,caudatum,,CBS 131602,,,JGI,,,,5460
Colletotrichum,cereale,,,,,JGI,,,,343994
Colletotrichum,chlorophyti,,,,Ensembl,,,,NCBI,708187
Colletotrichum,eremochloae,,CBS 129661,,,JGI,,,,1173702
Colletotrichum,falcatum,,,,,JGI,,,,129314
Colletotrichum,fioriniae,,MH 18,Glomerella acutata,,JGI,,,,1314772
Colletotrichum,fioriniae,,PJ7,,Ensembl,JGI,,,NCBI,1445577
Colletotrichum,gloeosporioides,,23,Glomerella cingulata,,JGI,,,,1314770
Colletotrichum,gloeosporioides,,Cg-14,,Ensembl,,,,NCBI,1237896
Colletotrichum,gloeosporioides,,Nara gc5,,Ensembl,,,,NCBI,1213859
Colletotrichum,godetiae,,,,,JGI,,,,1209918
Colletotrichum,graminicola,,M1.001,,Ensembl,JGI,,,NCBI,645133
Colletotrichum,higginsianum,,IMI 349063,,Ensembl,JGI,,,NCBI,759273
Colletotrichum,incanum,,,,Ensembl,,,,NCBI,1573173
Colletotrichum,lupini,,CBS 109225,,,JGI,,,,145971
Colletotrichum,navitas,,CBS 125086,,,JGI,,,,681940
Colletotrichum,nymphaeae,,SA-01,,Ensembl,JGI,,,NCBI,1460502
Colletotrichum,orbiculare,,MAFF 240422,,,,,,NCBI,1213857
Colletotrichum,orbiculare,,,,Ensembl,,,,,1213857
Colletotrichum,orchidophilum,,,,Ensembl,JGI,,,NCBI,1209926
Colletotrichum,phormii,,,,,JGI,,,,359342
Colletotrichum,salicis,,CBS 607.94,,Ensembl,JGI,,,NCBI,1209931
Colletotrichum,simmondsii,,CBS 122122,,Ensembl,JGI,,,NCBI,703756
Colletotrichum,somersetensis,,CBS 131599,,,JGI,,,,1500509
Colletotrichum,sublineola,,CBS 131301,,Ensembl,JGI,,,NCBI,1173701
Colletotrichum,tofieldiae,,,,Ensembl,JGI,,,NCBI,708197
Colletotrichum,zoysiae,,,,,JGI,,,,1216348
Conidiobolus,coronatus,,NRRL 28638,,Ensembl,JGI,,,NCBI,796925
Conidiobolus,thromboides,,FSU 785,,,JGI,,,,1314799
Coniella,lustricola,,,,,JGI,,,NCBI,2025994
Coniochaeta,ligniaria,,NRRL 30616,,Ensembl,JGI,,,NCBI,1408157
Coniochaeta,ligniaria,,,,,JGI,,,,177197
Coniochaeta,sp.,,PMI_546,,,JGI,,,,1450552
Coniophora,olivacea,,,,,JGI,,,,85977
Coniophora,puteana,,RWD-64-598 SS2,,Ensembl,JGI,,,NCBI,741705
Coniosporium,apollinis,,CBS 100218,,Ensembl,JGI,,,NCBI,1168221
Coprinellus,micaceus,,,,,JGI,,,,71717
Coprinellus,pellucidus,,,,,JGI,,,,575509
Coprinopsis,cinerea,,AmutBmut pab1-1,,,JGI,,,,1132390
Coprinopsis,cinerea,,okayama7#130,,Ensembl,JGI,FungiDB,,NCBI,240176
Coprinopsis,marcescibilis,,,,,JGI,,,,230819
Coprinopsis,sclerotiger,,,,,JGI,,,,71723
Cordyceps,brongniartii,,RCEF 3172,,Ensembl,,,,NCBI,1081107
Cordyceps,confragosa,,RCEF 1005,,Ensembl,,,,NCBI,1081108
Cordyceps,confragosa,,,,Ensembl,,,,NCBI,1105325
Cordyceps,fumosorosea,,ARSEF 2679,,,,,,NCBI,1081104
Cordyceps,militaris,,CM01,,Ensembl,JGI,,,NCBI,983644
Cordyceps,sp.,,RAO-2017,,,,,,NCBI,2004951
Corollospora,maritima,,,,,JGI,,,,45810
Cortinarius,glaucopus,,AT 2004 276,,,JGI,,,,1149754
Corynespora,cassiicola,,Philippines,,,,,,NCBI,1448308
Corynespora,cassiicola,,,,,JGI,,,,59586
Crepidotus,variabilis,,,,,JGI,,,,179855
Cronartium,quercuum,f. sp. fusiforme,G11,,,JGI,,,,708437
Crucibulum,laeve,,,,,JGI,,,,68775
Cryphonectria,parasitica,,EP155,,,JGI,,,,660469
Cryptococcus,amylolentus,,CBS 6039,,Ensembl,,,,NCBI,1295533
Cryptococcus,amylolentus,,CBS 6273,,Ensembl,,,,NCBI,1296118
Cryptococcus,curvatus,,ATCC 20509,,,JGI,,,,879819
Cryptococcus,depauperatus,,CBS 7841,,Ensembl,,,,NCBI,1295531
Cryptococcus,depauperatus,,CBS 7855,,Ensembl,,,,NCBI,1295532
Cryptococcus,deuterogattii,,R265,,,,FungiDB,,,294750
Cryptococcus,gattii,,CA1280,,Ensembl,,,,NCBI,1296109
Cryptococcus,gattii,,CA1873,,Ensembl,,FungiDB,,NCBI,1296111
Cryptococcus,gattii,,E566,,Ensembl,,,,NCBI,1296102
Cryptococcus,gattii,,EJB2,,Ensembl,,,,NCBI,1296103
Cryptococcus,gattii,,NT-10,,Ensembl,,,,NCBI,1296108
Cryptococcus,gattii,,Ru294,,Ensembl,,,,NCBI,1296112
Cryptococcus,gattii,,VGII 2001/935-1,,Ensembl,,,,NCBI,1334442
Cryptococcus,gattii,,VGII 99/473,,Ensembl,,,,NCBI,1296104
Cryptococcus,gattii,,VGII CA1014,,Ensembl,,,,NCBI,1296107
Cryptococcus,gattii,,VGII CBS 10090,,Ensembl,,,,NCBI,1296101
Cryptococcus,gattii,,VGII LA55,,Ensembl,,,,NCBI,1296106
Cryptococcus,gattii,,VGII MMRL2647,,Ensembl,,,,NCBI,1296117
Cryptococcus,gattii,,VGII R265,,Ensembl,,,,NCBI,294750
Cryptococcus,gattii,,VGII Ram5,,Ensembl,,,,NCBI,1296110
Cryptococcus,gattii,,VGIV IND107,,Ensembl,,FungiDB,,NCBI,1296105
Cryptococcus,gattii,,WM276,,Ensembl,,FungiDB,,NCBI,367775
Cryptococcus,neoformans,var neoformans,JEC21,,,JGI,FungiDB,,NCBI,214684
Cryptococcus,neoformans,var. grubii,125.91,,,,,,NCBI,1230079
Cryptococcus,neoformans,var. grubii,A1-35-8,,,,,,NCBI,1230081
Cryptococcus,neoformans,var. grubii,A2-102-5,,,,,,NCBI,1230057
Cryptococcus,neoformans,var. grubii,A5-35-17,,,,,,NCBI,1230080
Cryptococcus,neoformans,var. grubii,AD1-7a,,,,,,NCBI,1230056
Cryptococcus,neoformans,var. grubii,AD1-83a,,,,,,NCBI,1230065
Cryptococcus,neoformans,var. grubii,AD2-60a,,,,,,NCBI,1230059
Cryptococcus,neoformans,var. grubii,Br795,,,,,,NCBI,1230061
Cryptococcus,neoformans,var. grubii,Bt1,,,,,,NCBI,1230073
Cryptococcus,neoformans,var. grubii,Bt120,,,,,,NCBI,1230070
Cryptococcus,neoformans,var. grubii,Bt15,,,,,,NCBI,1230071
Cryptococcus,neoformans,var. grubii,Bt63,,,,,,NCBI,1230075
Cryptococcus,neoformans,var. grubii,Bt85,,,,,,NCBI,1230076
Cryptococcus,neoformans,var. grubii,C23,,,,,,NCBI,1230055
Cryptococcus,neoformans,var. grubii,c45,,,,,,NCBI,1230068
Cryptococcus,neoformans,var. grubii,c8,,,,,,NCBI,1230063
Cryptococcus,neoformans,var. grubii,CHC193,,,,,,NCBI,1230064
Cryptococcus,neoformans,var. grubii,D17-1,,,,,,NCBI,1230058
Cryptococcus,neoformans,var. grubii,Gb118,,,,,,NCBI,1230060
Cryptococcus,neoformans,var. grubii,H99,,Ensembl,JGI,FungiDB,,NCBI,235443
Cryptococcus,neoformans,var. grubii,MW-RSA1955,,,,,,NCBI,1230066
Cryptococcus,neoformans,var. grubii,MW-RSA36,,,,,,NCBI,1230062
Cryptococcus,neoformans,var. grubii,MW-RSA852,,,,,,NCBI,1230069
Cryptococcus,neoformans,var. grubii,Th84,,,,,,NCBI,1230067
Cryptococcus,neoformans,var. grubii,Tu259-1,,,,,,NCBI,1230072
Cryptococcus,neoformans,var. grubii,Tu401-1,,,,,,NCBI,1230077
Cryptococcus,neoformans,var. grubii,Ze90-1,,,,,,NCBI,1230078
Cryptococcus,neoformans,var. neoformans,B-3501A,,Ensembl,,FungiDB,,NCBI,283643
Cryptococcus,terricola,,,,,JGI,,,,104414
Cryptococcus,vishniacii,,,,,JGI,,,,89929
Cryptococcus,wieringae,,,,,JGI,,,,104416
Cryptodiaporthe,populea,,,,,JGI,,,,940279
Cryptodiaporthe,sp.,,AZ0812,,,JGI,,,,1907526
Cucurbitaria,berberidis,,CBS 394.84,,,JGI,,,,1168544
Cunninghamella,echinulata,,,,,JGI,,,,76405
Cutaneotrichosporon,oleaginosum,,,,Ensembl,,,,NCBI,879819
Cyathus,striatus,,,,,JGI,,,,68777
Cyberlindnera,fabianii,,,,Ensembl,,,,NCBI,36022
Cyberlindnera,fabianii,,,,,,,,,36022
Cyberlindnera,jadinii,,NRRL Y-1542,,,,,,,983966
Cyberlindnera,jadinii,,,,,,,,,4903
Cylindrobasidium,torrendii,,FP15055 ss-10,,,,,,,1314674
Cyphellophora,europaea,,CBS 101466,,,,,,,1220924
Cystostereum,murrayi,,,,,JGI,,,,467946
Cytidiella,melzeri,,,,,JGI,,,,1883072
Dacryopinax,primogenitus,,,,Ensembl,JGI,,,NCBI,1858805
Dactylellina,haptotyla,,CBS 200.50,,Ensembl,,,,NCBI,1284197
Daedalea,quercina,,L-15889,,Ensembl,JGI,,,NCBI,1314783
Daldinia,eschscholzii,,,,,JGI,,,NCBI,292717
Debaryomyces,fabryi,,,,Ensembl,,,,NCBI,58627
Debaryomyces,hansenii,,CBS767,,Ensembl,JGI,,,NCBI,284592
Decorospora,gaudefroyi,,,,,JGI,,,,184978
Dekkera,bruxellensis,,CBS 2499,,,JGI,,,,747657
Delitschia,confertaspora,,ATCC 74209,,,JGI,,,,1513339
Delphinella,strobiligena,,,,,JGI,,,,147560
Dendrothele,bispora,,CBS 962.96,,,JGI,,,,1314807
Dentipellis,sp.,,KUC8613,,,JGI,,,,1883078
Diaporthe,ampelina,,,,Ensembl,JGI,,,NCBI,1214573
Diaporthe,helianthi,,,,Ensembl,,,,,158607
Dichomitus,squalens,,LYAD-421 SS1,,Ensembl,JGI,,,NCBI,732165
Dichotomocladium,elegans,,,,,JGI,,,,101130
Didymella,exigua,,CBS 183.55,,,JGI,,,,1150837
Didymella,zeae-maydis,,,,,JGI,,,,259522
Didymocrea,sadasivanii,,,,,JGI,,,,372059
Dioszegia,cryoxerica,,,,,JGI,,,NCBI,603311
Diplodia,corticola,,,,Ensembl,,,,NCBI,236234
Diplodia,seriata,,,,Ensembl,JGI,,,NCBI,420778
Dissoconium,aciculare,,,,,JGI,,,,112489
Dothidotthia,symphoricarpi,,,,,JGI,,,,548649
Dothistroma,septosporum,,NZE10,,Ensembl,JGI,,,NCBI,675120
Drechmeria,coniospora,,,,Ensembl,,,,NCBI,98403
Drechslerella,stenobrocha,,248,,Ensembl,,,,NCBI,1043628
Edhazardia,aedis,,USNM 41457,,Ensembl,,,,NCBI,1003232
Elaphomyces,granulatus,,,,,,,,NCBI,519963
Elmerina,caryae,,L-13461,Aporpium caryae,,JGI,,,,1397355
Elsinoe,ampelina,,,,,JGI,,,,302913
Elsinoe,australis,,,,,,,,NCBI,40998
Elsinoe,sp.,,CQ-2017a,,,,,,NCBI,1983410
Emergomyces,pasteuriana,,Ep9510,,Ensembl,,,,NCBI,1447872
Emmonsia,crescens,,UAMH 3008,,Ensembl,,,,NCBI,1247875
Emmonsia,parva,,UAMH 139,,Ensembl,,,,NCBI,1246674
Emmonsia,sp.,,CAC-2015a,,Ensembl,,,,NCBI,1658172
Encephalitozoon,cuniculi,,EcunIII-L,,Ensembl,,,,NCBI,1355160
Encephalitozoon,cuniculi,,GB-M1,,Ensembl,JGI,,,NCBI,284813
Encephalitozoon,hellem,,ATCC 50504,,Ensembl,JGI,,,NCBI,907965
Encephalitozoon,intestinalis,,ATCC 50506,,Ensembl,JGI,,,NCBI,876142
Encephalitozoon,romaleae,,SJ-2008,,Ensembl,JGI,,,NCBI,1178016
Endocarpon,pusillum,,Z07020,,Ensembl,JGI,,,NCBI,1263415
Enterocytozoon,bieneusi,,H348,,Ensembl,JGI,,,NCBI,481877
Enterocytozoon,hepatopenaei,,,,Ensembl,,,,NCBI,646526
Enterospora,canceri,,,,Ensembl,,,,NCBI,1081671
Entoleuca,mammata,,,,,JGI,,,,97380
Entophlyctis,helioformis,,,,,JGI,,,,281842
Epicoccum,nigrum,,,,,,,,NCBI,105696
Eremomyces,bilateralis,,,,,JGI,,,,1341166
Eremothecium,cymbalariae,,DBVPG#7215,,Ensembl,,,,NCBI,931890
Eremothecium,gossypii,,ATCC 10895,Ashbya gossypii,,JGI,,,NCBI,284811
Eremothecium,gossypii,,FDAG1,,Ensembl,,,,NCBI,1034331
Eremothecium,sinecaudum,,,,Ensembl,,,,NCBI,45286
Erysiphe,necator,,,,Ensembl,JGI,,,NCBI,52586
Erythrobasidium,hasegawianum,,ATCC 9536,,,JGI,,,,1397323
Escovopsis,weberi,,,,Ensembl,,,,NCBI,150374
Eurotium,rubrum,,,,,JGI,,,,396024
Eutypa,lata,,UCREL1,,Ensembl,JGI,,,NCBI,1287681
Exidia,glandulosa,,HHB12029,,Ensembl,JGI,,,NCBI,1314781
Exobasidium,vaccinii,,MPITM,,,JGI,,,,1314671
Exophiala,alcalophila,,,,,JGI,,,,91920
Exophiala,aquamarina,,CBS 119918,,Ensembl,JGI,,,NCBI,1182545
Exophiala,dermatitidis,,NIH/UT8656,,Ensembl,JGI,,,NCBI,858893
Exophiala,mesophila,,,,Ensembl,JGI,,,NCBI,212818
Exophiala,oligosperma,,,,Ensembl,JGI,,,NCBI,215243
Exophiala,sideris,,,,Ensembl,JGI,,,NCBI,1016849
Exophiala,spinifera,,,,Ensembl,JGI,,,NCBI,91928
Exophiala,xenobiotica,,,,Ensembl,JGI,,,NCBI,348802
Fellomyces,penicillatus,,,,,JGI,,,,5610
Fennellomyces,sp.,,T-0311,,,JGI,,,,1329386
Fennellomyces,sp.,,,,,JGI,,,,101135
Fibroporia,radiculosa,,TFFH 294,,Ensembl,JGI,,,NCBI,599839
Fibulobasidium,inconspicuum,,,,,JGI,,,,57688
Fibularhizoctonia,sp.,,CBS 109695,,Ensembl,JGI,,,NCBI,436010
Fistulina,hepatica,,ATCC 64428,,Ensembl,JGI,,,NCBI,1128425
Fomes,fomentarius,,,,,JGI,,,,40442
Fomitiporia,mediterranea,,MF3/22,,Ensembl,JGI,,,NCBI,694068
Fomitopsis,pinicola,,FP-58527 SS1,,Ensembl,JGI,,,NCBI,743788
Fonsecaea,erecta,,,,Ensembl,,,,NCBI,1367422
Fonsecaea,monophora,,CBS 269.37,,Ensembl,JGI,,,NCBI,254056
Fonsecaea,multimorphosa,,CBS 102226,,Ensembl,JGI,,,NCBI,1442371
Fonsecaea,multimorphosa,,,,Ensembl,,,,NCBI,979981
Fonsecaea,nubica,,CBS 269.64,,Ensembl,JGI,,,NCBI,856822
Fonsecaea,pedrosoi,,CBS 271.37,,Ensembl,JGI,,,NCBI,1442368
Fusarium,avenaceum,,,,,,,,NCBI,40199
Fusarium,culmorum,,,,Ensembl,,,,NCBI,1318462
Fusarium,fujikuroi,,IMI 58289,,Ensembl,JGI,FungiDB,,NCBI,1279085
Fusarium,graminearum,,PH-1,Gibberella zeae,Ensembl,JGI,FungiDB,,NCBI,5518
Fusarium,langsethiae,,,,Ensembl,,,,NCBI,179993
Fusarium,mangiferae,,,,Ensembl,,,,NCBI,192010
Fusarium,nygamai,,,,,,,,NCBI,42673
Fusarium,oxysporum,f. sp. Conglutinans,race 2 54008,,Ensembl,,,,NCBI,1089457
Fusarium,oxysporum,f. sp. Cubense,Race 1,,Ensembl,,,,NCBI,1229664
Fusarium,oxysporum,f. sp. Cubense,Race 4,,Ensembl,,,,NCBI,1229665
Fusarium,oxysporum,f. sp. cubense tropical,race 4 54006,,Ensembl,,FungiDB,,NCBI,1089451
Fusarium,oxysporum,f. sp. lycopersici,4287,,Ensembl,JGI,FungiDB,,NCBI,426428
Fusarium,oxysporum,f. sp. lycopersici,MN25,,Ensembl,,,,NCBI,1080343
Fusarium,oxysporum,f. sp. melonis,26406,,Ensembl,,,,NCBI,1089452
Fusarium,oxysporum,f. sp. pisi,HDV247,,Ensembl,,,,NCBI,1080344
Fusarium,oxysporum,f. sp. radicis-cucumerinum,,,,,,,NCBI,327505
Fusarium,oxysporum,f. sp. radicis-lycopersici,26381,,Ensembl,,,,NCBI,1089448
Fusarium,oxysporum,f. sp. raphani,54005,,Ensembl,,,,NCBI,1089458
Fusarium,oxysporum,f. sp. vasinfectum,25433,,Ensembl,,,,NCBI,1089449
Fusarium,oxysporum,,Fo47,,Ensembl,,FungiDB,,NCBI,909455
Fusarium,oxysporum,,Fo5176,,,,,,NCBI,660025
Fusarium,oxysporum,,FOSC 3-a,,Ensembl,,,,NCBI,660027
Fusarium,oxysporum,,NRRL 32931,,,,,broad,NCBI,660029
Fusarium,poae,,,,Ensembl,,,,NCBI,36050
Fusarium,proliferatum,,ET1,,Ensembl,,,,NCBI,1227346
Fusarium,proliferatum,,,,Ensembl,,,,NCBI,948311
Fusarium,pseudograminearum,,CS3096,,Ensembl,JGI,,,NCBI,1028729
Fusarium,redolens,,,,,JGI,,,,48865
Fusarium,solani,,,,Ensembl,,,,,660122
Fusarium,verticillioides,,7600,,Ensembl,JGI,FungiDB,,NCBI,334819
Gaertneriomyces,semiglobifer,,,,,JGI,,,,109897
Gaeumannomyces,graminis,var. tritici,R3-111a-1,,Ensembl,JGI,,,NCBI,644352
Galactomyces,candidum,,,,,,,,NCBI,1173061
Galerina,marginata,,CBS 339.88,,Ensembl,JGI,,,NCBI,685588
Ganoderma,sinense,,ZZ0214-1,,,,,,NCBI,1077348
Ganoderma,sp.,,,,,JGI,,,,5314
Gautieria,morchelliformis,,,,,JGI,,,,112417
Gelasinospora,tetrasperma,,,Neurospora tetraspora,,JGI,,,,94610
Gelatoporia,subvermispora,,B,Ceriporiopsis,Ensembl,JGI,,,NCBI,914234
Geotrichum,candidum,,,,Ensembl,,,,,1173061
Gilbertella,persicaria,var. persicaria,,,,JGI,,,,983150
Glarea,lozoyensis,,74030,,Ensembl,,,,NCBI,1104152
Glarea,lozoyensis,,ATCC 20868,,Ensembl,JGI,,,NCBI,1116229
Globomyces,pollinis-pini,,,,,JGI,,,,382532
Gloeopeniophorella,convolvens,,,,,JGI,,,,205761
Gloeophyllum,trabeum,,ATCC 11539,,Ensembl,JGI,,,NCBI,670483
Glonium,stellatum,,,,,JGI,,,NCBI,574774
Gonapodya,prolifera,,JEL478,,Ensembl,JGI,,,NCBI,1344416
Gongronella,butleri,,,,,JGI,,,,101105
Gremmeniella,abietina,,,,,JGI,,,,127520
Grifola,frondosa,,,,Ensembl,,,,NCBI,5627
Grosmannia,clavigera,,kw1407,,Ensembl,JGI,,,NCBI,655863
Guyanagaster,necrorhiza,,MCA 3950,,,JGI,,,,1450536
Gymnascella,aurantiaca,,,,,JGI,,,,78594
Gymnascella,citrina,,,,,JGI,,,,37245
Gymnopilus,chrysopellus,,PR-1187,,,JGI,,,,1314808
Gymnopilus,junonius,,,,,JGI,,,,109634
Gymnopus,androsaceus,,JB14,,,JGI,,,,1447944
Gymnopus,earleae,,,,,JGI,,,,236213
Gymnopus,luxurians,,FD-317 M1,,Ensembl,JGI,,,NCBI,944289
Gyrodon,lividus,,BX,,,JGI,,,,1450528
Gyromitra,esculenta,,,,,JGI,,,,33161
Hanseniaspora,guilliermondii,,,,Ensembl,,,,NCBI,56406
Hanseniaspora,opuntiae,,,,Ensembl,,,,NCBI,211096
Hanseniaspora,osmophila,,,,Ensembl,,,,NCBI,56408
Hanseniaspora,uvarum,,DSM 2768,,Ensembl,,,,NCBI,1246595
Hanseniaspora,uvarum,,,,Ensembl,,,,NCBI,29833
Hanseniaspora,valbyensis,,NRRL Y-1626,,Ensembl,JGI,,,NCBI,766949
Hebeloma,cylindrosporum,,h7,,Ensembl,JGI,,,NCBI,686832
Helicocarpus,griseus,,UAMH5409,,,,,,NCBI,1447875
Heliocybe,sulcata,,,,,JGI,,,,5364
Hepatospora,eriocheir,,,,Ensembl,,,,NCBI,1081669
Hesseltinella,vesiculosa,,,,,JGI,,,NCBI,101127
Heterobasidion,annosum,,,,,JGI,,,,13563
Heterobasidion,irregulare,,TC 32-1,,Ensembl,,,,NCBI,747525
Heterogastridium,pycnidioideum,,ATCC MYA-4631,,,JGI,,,,1397325
Hexagonia,nitida,,,,,JGI,,,,1140402
Hirsutella,minnesotensis,,3608,,Ensembl,,,,NCBI,1043627
Histoplasma,capsulatum,,G186AR,,Ensembl,,FungiDB,,NCBI,447093
Histoplasma,capsulatum,,G217B,,,,FungiDB,,,447094
Histoplasma,capsulatum,,H143,,Ensembl,,,,NCBI,544712
Histoplasma,capsulatum,,H88,,Ensembl,,FungiDB,,NCBI,544711
Histoplasma,capsulatum,,NAm1,,Ensembl,JGI,FungiDB,,NCBI,339724
Homoloaphlyctis,polyrhiza,,JEL 142,,,JGI,,,,166479
Hortaea,acidophila,,,,,JGI,,,,245834
Hortaea,werneckii,,EXF-2000,,,JGI,,,NCBI,91943
Hyalopycnis,blepharistoma,,,,,JGI,,,,138530
Hydnomerulius,pinastri,,MD-312,,Ensembl,JGI,,,NCBI,994086
Hydnopolyporus,fimbriatus,,,,,JGI,,,,378272
Hydnum,rufescens,,UP504,,,JGI,,,,1448309
Hymenopellis,radicata,,,,,JGI,,,,937743
Hymenoscyphus,varicosporoides,,,,,JGI,,,,354079
Hypholoma,sublateritium,,FD-334 SS-4,,Ensembl,JGI,,,NCBI,945553
Hyphopichia,burtonii,,NRRL Y-1933,,Ensembl,JGI,,,NCBI,984485
Hypoxylon,sp.,,CI-4A,,,JGI,,,NCBI,1001833
Hypoxylon,sp.,,CO27-5,,,JGI,,,NCBI,1001938
Hypoxylon,sp.,,EC38,,,JGI,,,NCBI,1001937
Hypsizygus,marmoreus,,,,Ensembl,,,,NCBI,39966
Hysterium,pulicare,,,,,JGI,,,,100027
Ilyonectria,europaea,,,,,JGI,,,,1079114
Ilyonectria,robusta,,,,,JGI,,,,1079257
Ilyonectria,sp.,,,,,JGI,,,,1079112
Infundibulicybe,gibba,,,Clitocybe gibba,,JGI,,,,378275
Irpex,lacteus,,,,,JGI,,,,5319
Isaria,fumosorosea,,ARSEF 2679,,Ensembl,,,,,1081104
Jaapia,argillacea,,MUCL 33604,,Ensembl,JGI,,,NCBI,933084
Jaminaea,sp.,,MCA 5214,,,JGI,,,,1569628
Kalaharituber,pfeilii,,,,,JGI,,,,139406
Kalmanozyma,brasiliensis,,GHG001,,Ensembl,,,,NCBI,1365824
Karstenula,rhodostoma,,CBS 690.94,,,JGI,,,,1392251
Kazachstania,africana,,CBS 2517,,Ensembl,JGI,,,NCBI,1071382
Kazachstania,naganishii,,CBS 8797,,Ensembl,,,,NCBI,1071383
Kazachstania,saulgeensis,,,,,,,,NCBI,1789683
Khuskia,oryzae,,,,,JGI,,,,668251
Kickxella,alabastrina,,,,,JGI,,,NCBI,61397
Kluyveromyces,lactis,,,,Ensembl,JGI,,,NCBI,28985
Kluyveromyces,marxianus,,DMKU3-1042,,Ensembl,,,,NCBI,1003335
Kluyveromyces,marxianus,,,,Ensembl,,,,NCBI,4911
Kockovaella,imperatae,,,,,JGI,,,NCBI,4999
Komagataella,pastoris,,,,Ensembl,,,,NCBI,4922
Komagataella,phaffii,,CBS 7435,,Ensembl,,,,NCBI,981350
Komagataella,phaffii,,GS115,,Ensembl,,,,NCBI,644223
Komagataella,phaffii,,,,Ensembl,,,,NCBI,460519
Kuraishia,capsulata,,CBS 1993,,Ensembl,JGI,,,NCBI,1382522
Kwoniella,bestiolae,,CBS 10118,,Ensembl,,,,NCBI,1296100
Kwoniella,dejecticola,,CBS 10117,,Ensembl,,,,NCBI,1296121
Kwoniella,heveanensis,,BCC8398,,Ensembl,,,,NCBI,1296120
Kwoniella,heveanensis,,CBS 569,,Ensembl,,,,NCBI,1296119
Kwoniella,mangroviensis,,CBS 10435,,Ensembl,,,,NCBI,1331196
Kwoniella,mangroviensis,,CBS 8507,,Ensembl,,,,NCBI,1296122
Kwoniella,mangroviensis,,CBS 8886,,Ensembl,,,,NCBI,1296123
Kwoniella,pini,,CBS 10737,,Ensembl,,,,NCBI,1296096
Laccaria,amethystina,,LaAM-08-1,,Ensembl,JGI,,,NCBI,1095629
Laccaria,bicolor,,S238N-H82,,Ensembl,JGI,,,NCBI,486041
Lachancea,dasiensis,,CBS 10888,,Ensembl,,,,NCBI,1266660
Lachancea,fermentati,,,,Ensembl,,,,NCBI,4955
Lachancea,kluyveri,,,,,,,genolevures,,4934
Lachancea,lanzarotensis,,,,Ensembl,,,,NCBI,1245769
Lachancea,meyersii,,CBS 8951,,Ensembl,,,,NCBI,1266667
Lachancea,mirantina,,,,Ensembl,,,,NCBI,1230905
Lachancea,nothofagi,,CBS 11611,,Ensembl,,,,NCBI,1266666
Lachancea,quebecensis,,,,,,,,NCBI,1654605
Lachancea,sp.,,CBS 6924,,Ensembl,,,,NCBI,433476
Lachancea,thermotolerans,,CBS 6340,,Ensembl,,,,NCBI,559295
Lachancea,waltii,,,,,,,Nature,,4914
Lactarius,quietus,,,,,JGI,,,,111141
Lactifluus,subvellereus,,,,,JGI,,,,1837270
Lactifluus,volemus,,,,,JGI,,,,71967
Laetiporus,sulphureus,var. sulphureus,,,,JGI,,,,447506
Laetiporus,sulphureus,,93-53,,Ensembl,,,,NCBI,1314785
Lasiosphaeria,miniovina,,SMH2392-1A,Lasiosphaeria sp. SMH2392-1A,,JGI,,,,1954250
Lecythophora,sp.,,AK0013,Coniochaeta sp. AK0013,,JGI,,,,1884255
Leiotrametes,lactinea,,,,,JGI,,,,1391043
Leiotrametes,sp,,BRFM 1775,,,JGI,,,,1513325
Lentinellus,vulpinus,,,,,JGI,,,,156609
Lentinula,edodes,,,,Ensembl,,,,NCBI,5353
Lentinus,tigrinus,,ALCF2SS1-6,,,JGI,,,,1328759
Lentinus,tigrinus,,ALCF2SS1-7,,,JGI,,,,1328758
Lentinus,tigrinus,,,,,JGI,,,,5365
Lentithecium,fluviatile,,,,,JGI,,,,690899
Lepidopterella,palustris,,CBS 459.81,,,,,,NCBI,1314670
Lepidopterella,palustris,,,,,JGI,,,,741139
Lepista,nuda,,,,,JGI,,,,64659
Leptodontium,sp.,,2 PMI_412,,,JGI,,,,1485227
Leptosphaeria,maculans,,JN3,,Ensembl,JGI,,,NCBI,985895
Leucoagaricus,gongylophorus,,,,,JGI,,,,79220
Leucoagaricus,sp.,,SymC.cos,,Ensembl,,,,NCBI,1714833
Leucogyrophana,mollusca,,,,,JGI,,,,85980
Leucosporidiella,creatinivora,,,,,JGI,,,NCBI,106004
Lichtheimia,corymbifera,,JMRC:FSU:9682,,Ensembl,JGI,,,NCBI,1263082
Lichtheimia,hyalospora,,,,,JGI,,,,420593
Lichtheimia,ramosa,,,,Ensembl,,,,NCBI,688394
Linderina,pennispora,,ATCC 12442,,,JGI,,,NCBI,61395
Lindgomyces,ingoldianus,,ATCC 200398,,,JGI,,,,673940
Lindra,thalassiae,,,,,JGI,,,,45816
Lineolata,rhizophorae,,,,,JGI,,,,578093
Lipomyces,starkeyi,,NRRL Y-11557,,Ensembl,JGI,,,NCBI,675824
Lizonia,empirigonia,,,,,JGI,,,,1496277
Lobaria,pulmonaria,,,,,JGI,,,,86794
Lobosporangium,transversale,,NRRL 3116,,,JGI,,,NCBI,64571
Lodderomyces,elongisporus,,NRRL YB-4239,,Ensembl,JGI,,,NCBI,379508
Lollipopaia,minuta,,,,,JGI,,,,151671
Lomentospora,prolificans,,,,,,,,NCBI,41688
Lophiostoma,macrostomum,,,,,JGI,,,,372055
Lophiotrema,nucula,,,,,JGI,,,,690887
Lophium,mytilinum,,CBS 269.34,,,JGI,,,,1447936
Loramyces,juncicola,,,,,JGI,,,,132173
Loramyces,macrosporus,,CBS 235.53,,,JGI,,,,380016
Lycoperdon,perlatum,,,,,JGI,,,,90686
Macrolepiota,fuliginosa,,MF-IS2,,,JGI,,,,1400762
Macrophomina,phaseolina,,MS6,,Ensembl,JGI,,,NCBI,1126212
Macroventuria,anomochaeta,,CBS 525.71,,,JGI,,,,1447947
Madurella,mycetomatis,,,,Ensembl,,,,NCBI,100816
Magnaporthe,grisea,,,,,JGI,,,,148305
Magnaporthe,oryzae,,70-15,,Ensembl,,FungiDB,,NCBI,242507
Magnaporthe,oryzae,,P131,,,,,,NCBI,1143193
Magnaporthe,oryzae,,Y34,,,,,,NCBI,1143189
Magnaporthiopsis,poae,,ATCC 64411,,Ensembl,JGI,,,NCBI,644358
Malassezia,globosa,,CBS 7966,,,JGI,FungiDB,,NCBI,76773
Malassezia,pachydermatis,,,,Ensembl,,,,NCBI,77020
Malassezia,sp.,,JP-2017,,,,,,NCBI,2020962
Malassezia,sympodialis,,ATCC 42132,,Ensembl,JGI,,,NCBI,1230383
Malbranchea,cinnamomea,,,,,,,fungalgenomics.ca,,5041
Marasmius,fiardii,,PR-910,,,JGI,,,,1328756
Mariannaea,sp.,,PMI_226,,,JGI,,,,1896173
Marssonina,brunnea,f. sp. multigermtubi,MB_m1,,Ensembl,JGI,,,NCBI,1072389
Marssonina,coronariae,,,,,,,,NCBI,503106
Martensiomyces,pterosporus,,,,,JGI,,,,61414
Massarina,eburnea,,CBS 473.64,,,JGI,,,,1395130
Massariosphaeria,phaeospora,,,,,JGI,,,,100035
Meira,miltonrushii,,MCA 3882,,,JGI,,,,1280837
Melampsora,allii-populina,,,,,JGI,,,,242475
Melampsora,larici-populina,,98AG31,,Ensembl,JGI,FungiDB,,NCBI,747676
Melampsora,lini,,,,,JGI,,,,5261
Melanconium,sp.,,NRRL 54901,,,JGI,,,,1155946
Melanomma,pulvis-pyrius,,,,,JGI,,,,100047
Melanospora,tiffanyae,,,,,JGI,,,,2038071
Melanotaenium,endogenum,,,,,JGI,,,,84746
Meliniomyces,bicolor,,E,,,JGI,,,NCBI,1095630
Meliniomyces,variabilis,,F,,,JGI,,,NCBI,1149755
Meredithblackwellia,eburnea,,MCA 4105,,,JGI,,,,1408158
Metarhizium,acridum,,CQMa 102,,Ensembl,JGI,,,NCBI,655827
Metarhizium,album,,ARSEF 1941,,Ensembl,,,,NCBI,1081103
Metarhizium,anisopliae,,ARSEF 23,,Ensembl,,,,,655844
Metarhizium,anisopliae,,ARSEF 549,,Ensembl,,,,NCBI,1276135
Metarhizium,anisopliae,,BRIP 53284,,Ensembl,,,,NCBI,1291519
Metarhizium,anisopliae,,BRIP 53293,,Ensembl,,,,NCBI,1291518
Metarhizium,anisopliae,,,,Ensembl,,,,NCBI,5530
Metarhizium,brunneum,,ARSEF 3297,,Ensembl,,,,NCBI,1276141
Metarhizium,guizhouense,,ARSEF 977,,Ensembl,,,,NCBI,1276136
Metarhizium,majus,,ARSEF 297,,Ensembl,,,,NCBI,1276143
Metarhizium,rileyi,,RCEF 4871,,Ensembl,,,,NCBI,1081105
Metarhizium,robertsii,,ARSEF 23,,Ensembl,JGI,,,NCBI,655844
Metschnikowia,bicuspidata,var. bicuspidata,NRRL YB-4993,,Ensembl,,,,NCBI,869754
Metschnikowia,bicuspidata,,,,,JGI,,,,27322
Metschnikowia,fructicola,,277,,,JGI,,,,1200864
Meyerozyma,guilliermondii,,ATCC 6260,Candida guilliermondii,Ensembl,JGI,,,NCBI,294746
Microascus,trigonosporus,,CBS 218.31,,,JGI,,,NCBI,1314796
Microbotryum,lychnidis-dioicae,,p1A1 Lamole,,,JGI,,,NCBI,683840
Microbotryum,violaceum,,,,Ensembl,,,,,683840
Microdochium,bolleyi,,,,Ensembl,JGI,,,NCBI,196109
Microdochium,trichocladiopsis,,CBS 623.77,,,JGI,,,,1682393
Microsporum,canis,,CBS 113480,,,JGI,,,NCBI,554155
Microstromatales,sp.,,MCA 4718,,,JGI,,,,1684307
Microthyrium,microscopicum,,CBS 115976,,,JGI,,,,1450532
Millerozyma,farinosa,,CBS 7064,,Ensembl,,,,NCBI,559304
Mitosporidium,daphniae,,,,Ensembl,,,,NCBI,1485682
Mixia,osmundae,,IAM 14324,,Ensembl,JGI,,,NCBI,764103
Moelleriella,libera,,RCEF 2490,,,,,,NCBI,1081109
Moesziomyces,antarcticus,,T-34,,Ensembl,,,,NCBI,84753
Moesziomyces,aphidis,,DSM 70725,,Ensembl,JGI,,,NCBI,1391700
Monacrosporium,haptotylum,,,Dactylellina haptotyla,,JGI,,,,430498
Monascus,purpureus,,,,,JGI,,,,5098
Monascus,ruber,,,,,JGI,,,,89489
Moniliella,sp.,,MCA 3643,,,JGI,,,,1954213
Moniliophthora,perniciosa,,FA553,,Ensembl,JGI,,,NCBI,554373
Moniliophthora,roreri,,MCA 2997,,Ensembl,,,,NCBI,1381753
Moniliophthora,roreri,,,,Ensembl,,,,NCBI,221103
Morchella,conica,,CCBAS932,,,JGI,,,,1392247
Morchella,importuna,,,,,JGI,,,,1174673
Mortierella,elongata,,AG-77,,Ensembl,JGI,,,NCBI,1314771
Mortierella,multidivaricata,,,,,JGI,,,,101098
Mortierella,verticillata,,NRRL 6337,,Ensembl,JGI,,,NCBI,1069443
Mrakia,frigida,,ATCC 22029,,,JGI,,,,29902
Mucor,ambiguus,,,,Ensembl,,,,NCBI,91626
Mucor,circinelloides,f. circinelloides,1006PhL,,Ensembl,,,,NCBI,1220926
Mucor,circinelloides,f. lusitanicus,CBS 277.49,,Ensembl,,FungiDB,,NCBI,747725
Mucor,circinelloides,,,,,JGI,,,,36080
Mucor,heterogamus,,,,,JGI,,,,101122
Multifurca,ochricompacta,,,,,JGI,,,,376703
Mutinus,elegans,,,,,JGI,,,,288524
Myceliophthora,fergusii,,,Crassicarpon thermophilum,,,,fungalgenomics.ca,,225584
Myceliophthora,heterothallica,,CBS 202.75,,,JGI,,,,1149848
Myceliophthora,heterothallica,,CBS 203.75,,,JGI,,,,1149849
Myceliophthora,sepedonium,,,Corynascus sepedonium,,,,fungalgenomics.ca,,190048
Myceliophthora,thermophila,,,Sporotrichum thermophile,,JGI,,,,78579
Mycena,capillaripes,,,,,JGI,,,,230804
Mycena,chlorophos,,,,,,,,NCBI,658473
Mycena,galopus,,ATCC-62051,,,JGI,,,,1314675
Mycena,haematopus,,,,,JGI,,,,230807
Mycena,rosella,,,,,JGI,,,,1033263
Mycena,sp.,,,,,JGI,,,,41247
Mycosphaerella,eumusae,,,,Ensembl,,,,NCBI,321146
Mycosphaerella,graminicola,,,,,JGI,,,,1047171
Mycotypha,africana,,,,,JGI,,,,64632
Myriangium,duriaei,,CBS 260.36,,,JGI,,,,1168546
Myriococcum,thermophilum,,,Crassicarpon hotsonii,,,,fungalgenomics.ca,,455373
Myrothecium,inundatum,,,,,JGI,,,,110576
Mytilinidion,resinicola,,CBS 304.34,,,JGI,,,,574789
Nadsonia,fulvescens,var. elongata,DSM 6958,,Ensembl,JGI,,,NCBI,857566
Naematelia,encephala,,,,,,,,NCBI,71784
Naiadella,fluitans,,ATCC 64713,,,JGI,,,,1397326
Nakaseomyces,bacillisporus,,CBS 7720,,,JGI,,,,1279116
Nakaseomyces,delphensis,,CBS 2170,,,JGI,,,,1279113
Nannizzia,gypsea,,CBS 118893,Microsporum gypseum,Ensembl,,,,NCBI,535722
Naohidea,sebacea,,CBS 8477,,,JGI,,,,1397327
Naumovozyma,castellii,,CBS 4309,,Ensembl,,,,NCBI,1064592
Naumovozyma,dairenensis,,CBS 421,,Ensembl,,,,NCBI,1071378
Nectria,haematococca,,mpVI 77-13-4,,,JGI,,,NCBI,140110
Nematocida,displodere,,,,Ensembl,,,,NCBI,1805483
Nematocida,parisii,,ERTm1,,Ensembl,JGI,,,NCBI,881290
Nematocida,parisii,,ERTm3,,Ensembl,,,,NCBI,935791
Nematocida,sp.,,1 ERTm2,,Ensembl,,,,NCBI,944018
Nematocida,sp.,,1 ERTm6,,Ensembl,,,,NCBI,1138374
Nematocida,sp.,,ERTm5,,Ensembl,,,,NCBI,1805481
Neocallimastix,californiae,,G1,,,JGI,,,NCBI,1754190
Neofusicoccum,parvum,,UCRNP2,,Ensembl,JGI,,,NCBI,1287680
Neolecta,irregularis,,DAH-3,,Ensembl,JGI,,,NCBI,1198029
Neolentinus,lepideus,,HHB14362 ss-1,,Ensembl,JGI,,,NCBI,1314782
Neonectria,ditissima,,,,Ensembl,JGI,,,NCBI,78410
Neosartorya,fischeri,,NRRL 181,,Ensembl,JGI,,,,331117
Neurospora,crassa,,OR74A,,Ensembl,JGI,FungiDB,,NCBI,367110
Neurospora,crassa,,,,,JGI,,,NCBI,5141
Neurospora,discreta,,FGSC 8579,,,JGI,FungiDB,,,510953
Neurospora,tetrasperma,,FGSC 2508,,Ensembl,JGI,FungiDB,,,510951
Neurospora,tetrasperma,,FGSC 2509,,Ensembl,,,,NCBI,510952
Niesslia,exilis,,,,,JGI,,,,267680
Nosema,apis,,BRL 01,,Ensembl,,,,NCBI,1037528
Nosema,bombycis,,CQ1,,Ensembl,,,,NCBI,578461
Nosema,ceranae,,BRL01,,Ensembl,JGI,,,NCBI,578460
Nosema,ceranae,,,,Ensembl,,,,NCBI,40302
Obba,rivulosa,,,,,JGI,,,NCBI,1052685
Oculimacula,yallundae,,,,,,,fungalgenomics.ca,,86028
Ogataea,parapolymorpha,,DL-1,,Ensembl,JGI,,,NCBI,871575
Ogataea,polymorpha,,NCYC 495 leu1.1,,Ensembl,JGI,,,NCBI,460523
Oidiodendron,maius,,Zn,,Ensembl,JGI,,,NCBI,913774
Omphalotus,olearius,,,,,JGI,,,,72120
Onnia,scaura,,,,,JGI,,,,1496296
Ophiobolus,disseminans,,,,,JGI,,,,1469910
Ophiocordyceps,australis,,,,,,,,NCBI,1399860
Ophiocordyceps,camponoti-rufipedis,,,,,,,,NCBI,2004952
Ophiocordyceps,sinensis,,CO18,,Ensembl,,,,NCBI,911162
Ophiocordyceps,unilateralis,,,,Ensembl,,,,NCBI,268505
Ophiostoma,novo-ulmi,subsp. novo-ulmi,H327,,,JGI,,,,1224258
Ophiostoma,piceae,,UAMH 11346,,Ensembl,JGI,,,NCBI,1262450
Ophiostoma,piliferum,,,,,JGI,,,,38032
Ordospora,colligata,,OC4,,Ensembl,,,,NCBI,1354746
Orpinomyces,sp.,,,,,JGI,,,,37163
Oudemansiella,mucida,,,,,JGI,,,,139077
Pachysolen,tannophilus,,NRRL Y-2460,,Ensembl,JGI,,,NCBI,669874
Panaeolus,papilionaceus,,,,,JGI,,,,330517
Panellus,stipticus,,,,,JGI,,,,5636
Panellus,stipticus,,,,,JGI,,,,5636
Panus,rudis,,PR-1116 ss-1,,,JGI,,,,1314784
Paracoccidioides,brasiliensis,,Pb03,,Ensembl,JGI,FungiDB,,NCBI,482561
Paracoccidioides,brasiliensis,,Pb18,,Ensembl,JGI,FungiDB,,NCBI,502780
Paracoccidioides,brasiliensis,,,,Ensembl,,,,,121759
Paracoccidioides,brasiliensis,,,,,,,,NCBI,121759
Paracoccidioides,lutzii,,Pb01,,Ensembl,,FungiDB,,NCBI,502779
Paraconiothyrium,sporulosum,,,,,JGI,,,NCBI,1460663
Paraphaeosphaeria,sporulosa,,,,Ensembl,,,,NCBI,1460663
Parasitella,parasitica,,,,Ensembl,JGI,,,NCBI,35722
Parastagonospora,nodorum,,SN15,Phaeosphaeria nodorum SN15,Ensembl,JGI,,,NCBI,321614
Patellaria,atrata,,,,,JGI,,,,703506
Paxillus,adelphus,,,,,JGI,,,,1842050
Paxillus,ammoniavirescens,,,,,JGI,,,,1132860
Paxillus,involutus,,ATCC 200175,,Ensembl,JGI,,,NCBI,664439
Paxillus,rubicundulus,,Ve08.2h10,,Ensembl,,,,NCBI,930991
Penicilliopsis,zonata,,CBS 506.65,,Ensembl,,,,NCBI,1073090
Penicillium,antarcticum,,,,Ensembl,JGI,,,NCBI,416450
Penicillium,arizonense,,,,Ensembl,,,,NCBI,1835702
Penicillium,bilaiae,,ATCC 20851,,,JGI,,,,1314792
Penicillium,brasilianum,,,,Ensembl,,,,NCBI,104259
Penicillium,brevicompactum,,AgRF18,,,JGI,,,,1392249
Penicillium,brevicompactum,,,,,JGI,,,,5074
Penicillium,camemberti,,FM 013,,Ensembl,,,,NCBI,1429867
Penicillium,canescens,,ATCC 10419,,,JGI,,,,1314794
Penicillium,chrysogenum,,Wisconsin 54-1255,,,JGI,,,,500485
Penicillium,chrysogenum,,,,Ensembl,JGI,,,NCBI,5076
Penicillium,coprophilum,,,,Ensembl,JGI,,,NCBI,36646
Penicillium,decumbens,,,,Ensembl,JGI,,,NCBI,69771
Penicillium,digitatum,,Pd1,,Ensembl,JGI,,,NCBI,1170230
Penicillium,digitatum,,PHI26,,Ensembl,JGI,,,NCBI,1170229
Penicillium,expansum,,ATCC 24692,,Ensembl,JGI,,,NCBI,27334
Penicillium,fellutanum,,ATCC 48694,,,JGI,,,,1314795
Penicillium,flavigenum,,,,Ensembl,JGI,,,NCBI,254877
Penicillium,freii,,,,Ensembl,,,,NCBI,48697
Penicillium,glabrum,,DAOM 239074,,,JGI,,,,1314793
Penicillium,griseofulvum,,,,Ensembl,JGI,,,NCBI,5078
Penicillium,italicum,,,,Ensembl,JGI,,,NCBI,40296
Penicillium,janthinellum,,ATCC 10455,,,JGI,,,,1397297
Penicillium,lanosocoeruleum,,ATCC 48919,,,JGI,,,,1346256
Penicillium,nalgiovense,,FM193,,Ensembl,JGI,,,NCBI,1439352
Penicillium,nordicum,,,,Ensembl,,,,NCBI,229535
Penicillium,occitanis,,,,,,,,NCBI,290292
Penicillium,oxalicum,,114-2,,Ensembl,JGI,,,NCBI,933388
Penicillium,polonicum,,,,Ensembl,JGI,,,NCBI,60169
Penicillium,raistrickii,,ATCC 10490,,,JGI,,,,1392252
Penicillium,roqueforti,,FM164,,Ensembl,,,,NCBI,1365484
Penicillium,rubens,,Wisconsin 54-1255,,Ensembl,,FungiDB,,NCBI,500485
Penicillium,solitum,,,,Ensembl,JGI,,,NCBI,60172
Penicillium,steckii,,,,Ensembl,JGI,,,NCBI,303698
Penicillium,subrubescens,,,,Ensembl,JGI,,,NCBI,1316194
Penicillium,thymicola,,,,,JGI,,,,293382
Penicillium,vulpinum,,,,Ensembl,JGI,,,NCBI,29845
Peniophora,sp.,,CONT,,Ensembl,,,,NCBI,1314672
Peniophora,sp.,,CONTA,,,JGI,,,,1897082
Peniophora,sp.,,,,,JGI,,,,1756134
Periconia,macrospinosa,,,,,JGI,,,,97972
Pestalotiopsis,fici,,W106-1,,Ensembl,,,,NCBI,1229662
Pezoloma,ericae,,,,,,,,NCBI,1745343
Phaeoacremonium,minimum,,UCRPA7,,Ensembl,JGI,,,NCBI,1286976
Phaeoacremonium,sp.,,,,,JGI,,,,65412
Phaeomoniella,chlamydospora,,,,Ensembl,JGI,,,NCBI,158046
Phaeosphaeriaceae,sp.,,,,,JGI,,,,5020
Phanerochaete,carnosa,,HHB-10118-sp,,Ensembl,JGI,,,NCBI,650164
Phanerochaete,chrysosporium,,RP-78,,,JGI,FungiDB,,,273507
Phascolomyces,articulosus,,,,,JGI,,,,60185
Phellinidium,ferrugineofuscum,,,Phellinus ferrugineofuscus,,JGI,,,NCBI,167367
Phialocephala,scopiformis,,,,Ensembl,JGI,,,NCBI,149040
Phialocephala,subalpina,,,,Ensembl,,,,NCBI,576137
Phialophora,americana,,,Capronia semiimmersa,Ensembl,JGI,,,NCBI,5601
Phialophora,attae,,CBS 131958,,Ensembl,JGI,,,NCBI,1664694
Phlebia,brevispora,,HHB-7030 SS6,,,JGI,,,,747484
Phlebia,centrifuga,,,,Ensembl,JGI,,,NCBI,98765
Phlebiopsis,gigantea,,11061_1 CR5-6,,Ensembl,JGI,,,NCBI,745531
Pholiota,alnicola,,,,,JGI,,,,109635
Pholiota,conissans,,,,,JGI,,,,109636
Phoma,tracheiphila,,IPT5,,,JGI,,,,1408161
Phycomyces,blakesleeanus,,NRRL 1555 (-),,Ensembl,JGI,FungiDB,,NCBI,763407
Phyllosticta,capitalensis,,CBS 128856,,,JGI,,,,121624
Phyllosticta,citriasiana,,,,,JGI,,,,595635
Phyllosticta,citribraziliensis,,CBS 100098,,,JGI,,,,989973
Phyllosticta,citricarpa,,CBS 127454,,,JGI,,,,55181
Phyllosticta,citrichinaensis,,,,,JGI,,,,1130410
Phyllosticta,sp.,,CPC 27169,,,JGI,,,,1907483
Phyllosticta,sp.,,CPC 27913,,,JGI,,,,1882840
Pichia,kudriavzevii,,,,Ensembl,,,,NCBI,4909
Pichia,membranifaciens,,NRRL Y-2026,,Ensembl,,,,NCBI,763406
Pichia,membranifaciens,,,,Ensembl,JGI,,,NCBI,4926
Pichia,pastoris,,,Komagataella pastoris,,JGI,,,,4922
Pichia,sorbitophila,,,Millerozyma farinosa,,,,genolevures,,4920
Pichia,stipitis,,,,,JGI,,,,4924
Piedraia,hortae,,,,,JGI,,,,147573
Pilaira,anomala,,,,,JGI,,,,64641
Pilobolus,umbonatus,,,,,JGI,,,,101123
Piloderma,croceum,,F 1598,,Ensembl,JGI,,,NCBI,765440
Piriformospora,indica,,DSM 11827,,,JGI,,,,1109443
Piromyces,finnis,,,,,JGI,,,NCBI,1754191
Piromyces,sp.,,E2,,,JGI,,,NCBI,73868
Pisolithus,microcarpus,,441,,Ensembl,JGI,,,NCBI,765257
Pisolithus,tinctorius,,Marx 270,,Ensembl,JGI,,,NCBI,870435
Plectania,melastoma,,,,,JGI,,,,1280572
Plectosphaerella,cucumerina,,,,,JGI,,,,40658
Pleomassaria,siparia,,,,,JGI,,,,100044
Pleurotus,eryngii,,,,,JGI,,,,5323
Pleurotus,ostreatus,,PC15,,Ensembl,JGI,,,NCBI,1137138
Pleurotus,ostreatus,,PC9,,,JGI,,,,1137139
Plicaturopsis,crispa,,FD-325 SS-3,,Ensembl,JGI,,,NCBI,944288
Pluteus,cervinus,,,,,JGI,,,,181527
Pneumocystis,carinii,,B80,,Ensembl,,,,NCBI,1408658
Pneumocystis,jirovecii,,RU7,,Ensembl,JGI,,,NCBI,1408657
Pneumocystis,jirovecii,,SE8,,,,FungiDB,,NCBI,1209962
Pneumocystis,murina,,B123,,Ensembl,,,,NCBI,1069680
Pochonia,chlamydosporia,,170,,Ensembl,JGI,,,NCBI,1380566
Podospora,anserina,,S mat+,,Ensembl,JGI,,,NCBI,515849
Podospora,curvicolla,,,,,JGI,,,,48157
Polychaeton,citri,,,,,JGI,,,,705562
Polyplosphaeria,fusca,,,,,JGI,,,,682080
Polyporus,arcularius,,,,,JGI,,,,5639
Polyporus,brumalis,,,,,JGI,,,,139420
Polytolypa,hystricis,,UAMH7299,,,,,,NCBI,1447883
Porodaedalea,chrysoloma,,,,,JGI,,,,74615
Porodaedalea,niemelaei,,,,,JGI,,,,175858
Postia,placenta,,Mad-698-R,,Ensembl,JGI,,,NCBI,561896
Postia,placenta,,MAD-698-R-SB12,,,JGI,,,NCBI,670580
Protomyces,inouyei,,,,,JGI,,,,27332
Protomyces,lactucaedebilis,,,,,JGI,,,NCBI,56484
Pseudocercospora,fijiensis,,CIRAD86,Mycosphaerella fijiensis,Ensembl,JGI,,,NCBI,383855
Pseudocercospora,musae,,,,Ensembl,,,,NCBI,113226
Pseudographis,elatina,,,,,JGI,,,,1695903
Pseudogymnoascus,destructans,,20631-21,,Ensembl,JGI,,,NCBI,658429
Pseudogymnoascus,sp.,,03VT05,,Ensembl,,,,NCBI,1622148
Pseudogymnoascus,sp.,,05NY08,,Ensembl,,,,NCBI,1622149
Pseudogymnoascus,sp.,,23342-1-I1,,Ensembl,,,,NCBI,1524831
Pseudogymnoascus,sp.,,24MN13,,Ensembl,,,,NCBI,1622150
Pseudogymnoascus,sp.,,VKM F-103,,Ensembl,,,,NCBI,1420912
Pseudogymnoascus,sp.,,VKM F-3557,,Ensembl,,,,NCBI,1437433
Pseudogymnoascus,sp.,,VKM F-3775,,Ensembl,,,,NCBI,1420901
Pseudogymnoascus,sp.,,VKM F-3808,,Ensembl,,,,NCBI,1391699
Pseudogymnoascus,sp.,,VKM F-4246,,Ensembl,,,,NCBI,1420902
Pseudogymnoascus,sp.,,VKM F-4281 (FW-2241),,Ensembl,,,,NCBI,1420906
Pseudogymnoascus,sp.,,VKM F-4513 (FW-928),,Ensembl,,,,NCBI,1420907
Pseudogymnoascus,sp.,,VKM F-4514 (FW-929),,Ensembl,,,,NCBI,1420908
Pseudogymnoascus,sp.,,VKM F-4515 (FW-2607),,Ensembl,,,,NCBI,1420909
Pseudogymnoascus,sp.,,VKM F-4516 (FW-969),,Ensembl,,,,NCBI,1420910
Pseudogymnoascus,sp.,,VKM F-4517 (FW-2822),,Ensembl,,,,NCBI,1420911
Pseudogymnoascus,sp.,,VKM F-4518 (FW-2643),,Ensembl,,,,NCBI,1420913
Pseudogymnoascus,sp.,,VKM F-4519 (FW-2642),,Ensembl,,,,NCBI,1420914
Pseudogymnoascus,sp.,,VKM F-4520 (FW-2644),,Ensembl,,,,NCBI,1420915
Pseudogymnoascus,sp.,,WSF 3629,,Ensembl,,,,NCBI,1622147
Pseudogymnoascus,verrucosus,,,,Ensembl,,,,NCBI,342668
Pseudoloma,neurophilia,,,,Ensembl,,,,NCBI,146866
Pseudomassariella,vexata,,,,,JGI,,,NCBI,1141098
Pseudovirgaria,hyperparasitica,,,,,JGI,,,,470096
Pseudozyma,antarctica,,T-34,,,JGI,,,,1151754
Pseudozyma,brasiliensis,,,Kalmanozyma brasiliensis,,,,GenBank,,1392244
Pseudozyma,flocculosa,,,Anthracocystis flocculosa,,,,GenBank,,84751
Pseudozyma,hubeiensis,,SY62,,Ensembl,JGI,,,NCBI,1305764
Psilocybe,cyanescens,,,,,,,,NCBI,93625
Pterula,gracilis,,,,,JGI,,,,1884261
Puccinia,graminis,f. sp. tritici,CRL 75-36-700-3,,,JGI,FungiDB,,NCBI,56615
Puccinia,graminis,,Ug99,,Ensembl,,,,,1040990
Puccinia,graminis,,,,Ensembl,,,,,418459
Puccinia,sorghi,,,,Ensembl,,,,NCBI,27349
Puccinia,striiformis,f. sp. tritici,PST-130,,Ensembl,JGI,,,,875184
Puccinia,striiformis,f. sp. tritici,PST-78,,Ensembl,JGI,,,,1165861
Puccinia,triticina,,1-1 BBBD Race 1,,,JGI,,,NCBI,630390
Puccinia,triticina,,,,Ensembl,,,,,630390
Punctularia,strigosozonata,,HHB-11173 SS5,,Ensembl,JGI,,,NCBI,741275
Purpureocillium,lilacinum,,,,Ensembl,,,,NCBI,33203
Purpureocillium,sp.,,UdeA0106,,,JGI,,,,1323837
Pycnoporus,cinnabarinus,,BRFM137,,,JGI,,,,1445587
Pycnoporus,cinnabarinus,,,,,JGI,,,,5643
Pycnoporus,coccineus,,BRFM310,,,JGI,,,,1353009
Pycnoporus,coccineus,,,,,JGI,,,,158605
Pycnoporus,puniceus,,,,,JGI,,,,571087
Pyrenochaeta,lycopersici,,,,,JGI,,,,285811
Pyrenochaeta,sp.,,DS3sAY3a,,Ensembl,JGI,,,NCBI,765867
Pyrenophora,teres,f. teres,0-1,,Ensembl,JGI,,,NCBI,861557
Pyrenophora,tritici-repentis,,Pt-1C-BFP,,Ensembl,JGI,,,NCBI,426418
Pyronema,omphalodes,,CBS 100304,Pyronema confluens,Ensembl,JGI,,RuhrUni,NCBI,1076935
Rachicladosporium,antarcticum,,,,Ensembl,,,,NCBI,1507870
Radiomyces,spectabilis,,,,,JGI,,,,64574
Ramaria,rubella,,,,,JGI,,,,113071
Ramicandelaber,brevisporus,,CBS 109374,,,JGI,,,,304332
Ramularia,collo-cygni,,,,,,,,NCBI,112498
Rasamsonia,byssochlamydoides,,,,,,,fungalgenomics.ca,,89139
Rasamsonia,emersonii,,CBS 393.64,,Ensembl,,,,NCBI,1408163
Rhinocladiella,mackenziei,,CBS 650.93,,Ensembl,,,,NCBI,1442369
Rhizoclosmatium,globosum,,,,,JGI,,,NCBI,329046
Rhizoctonia,solani,,123E,,Ensembl,,,,NCBI,1423351
Rhizoctonia,solani,,AG-1 IA,,Ensembl,,,,NCBI,983506
Rhizoctonia,solani,,AG-1 IB,,Ensembl,JGI,,,NCBI,1108050
Rhizoctonia,solani,,AG-3 Rhs1AP,,Ensembl,,,,NCBI,1086054
Rhizoctonia,solani,,AG-8 WAC10335,,Ensembl,,,,NCBI,1287689
Rhizoctonia,solani,,,,Ensembl,,,,NCBI,456999
Rhizodiscina,lignyota,,,,,JGI,,,,1504668
Rhizomucor,miehei,,,,,,,Zhengqiang_Jiang,,4839
Rhizomucor,pusillus,,,,,,,fungalgenomics.ca,,4840
Rhizophagus,irregularis,,DAOM 181602=DAOM 197198,,Ensembl,JGI,,,NCBI,747089
Rhizophagus,irregularis,,DAOM 197198w,,Ensembl,,,,NCBI,1432141
Rhizopogon,salebrosus,,TDB-379,,,JGI,,,,632084
Rhizopogon,vesiculosus,,,,Ensembl,JGI,,,NCBI,180088
Rhizopogon,vinicolor,,AM-OR11-026,,Ensembl,JGI,,,NCBI,1314800
Rhizopus,delemar,,RA 99-880,,Ensembl,JGI,FungiDB,,NCBI,246409
Rhizopus,microsporus,var. chinensis,CCTCC M201021,,,JGI,,,,1271458
Rhizopus,microsporus,var. microsporus,,,Ensembl,JGI,,,NCBI,86635
Rhizopus,microsporus,,ATCC 52813,,Ensembl,JGI,,,NCBI,1340429
Rhizoscyphus,ericae,,,,,JGI,,,,1745343
Rhodocollybia,butyracea,,,,,JGI,,,,206335
Rhodotorula,glutinis,,,,,JGI,,,,5535
Rhodotorula,graminis,,WP1,,Ensembl,JGI,,,NCBI,578459
Rhodotorula,minuta,,MCA 4210,,,JGI,,,,1397322
Rhodotorula,mucilaginosa,,,,,JGI,,,,5537
Rhodotorula,sp.,,JG-1b,,Ensembl,JGI,,,NCBI,1305733
Rhodotorula,sp.,,,,,JGI,,,,1853554
Rhodotorula,toruloides,,ATCC 204091,,Ensembl,,,,NCBI,1001064
Rhodotorula,toruloides,,MTCC 457,,Ensembl,,,,,5286
Rhodotorula,toruloides,,NP11,,Ensembl,,,,NCBI,1130832
Rhynchosporium,agropyri,,,,Ensembl,,,,NCBI,914238
Rhynchosporium,commune,,,,Ensembl,,,,NCBI,914237
Rhynchosporium,secalis,,,,Ensembl,,,,NCBI,38038
Rhytidhysteron,rufulum,,,,,JGI,,,,37885
Rickenella,fibula,,,,,JGI,,,,264144
Rickenella,mellea,,,,,JGI,,,,50990
Rigidoporus,microporus,,,,,JGI,,,,219653
Rosellinia,necatrix,,,,,,,,NCBI,77044
Rozella,allomycis,,CSF55,,Ensembl,JGI,,,NCBI,988480
Russula,brevipes,,,,,JGI,,,,98861
Russula,compacta,,,,,JGI,,,,40490
Russula,dissimulans,,,,,JGI,,,,258981
Russula,rugulosa,,,,,JGI,,,,1935383
Russula,vinacea,,,,,JGI,,,,517384
Rutstroemia,firma,,,,,JGI,,,,1490168
Rutstroemia,sp.,,NJR-2017a BBW,,,,,,NCBI,2070414
Rutstroemia,sp.,,NJR-2017a BVV2,,,,,,NCBI,2070413
Rutstroemia,sp.,,NJR-2017a WRK4,,,,,,NCBI,2070412
Saccharata,proteae,,,,,JGI,,,,131308
Saccharomyces,arboricola,,H-6,,Ensembl,,,,NCBI,1160507
Saccharomyces,arboricola,,H-6,,,,,,NCBI,1160507
Saccharomyces,cerevisiae,,AWRI796,,Ensembl,,,,NCBI,4932
Saccharomyces,cerevisiae,,CEN.PK113-7D,,Ensembl,,,,NCBI,4932
Saccharomyces,cerevisiae,,EC1118,,Ensembl,,,,NCBI,4932
Saccharomyces,cerevisiae,,FostersB,,Ensembl,,,,NCBI,764102
Saccharomyces,cerevisiae,,FostersO,,Ensembl,,,,NCBI,764101
Saccharomyces,cerevisiae,,JAY291,,,,,,NCBI,574961
Saccharomyces,cerevisiae,,Kyokai no. 7,,Ensembl,,,,NCBI,721032
Saccharomyces,cerevisiae,,Lalvin QA23,,Ensembl,,,,NCBI,764098
Saccharomyces,cerevisiae,,M3707,,,JGI,,,,1149757
Saccharomyces,cerevisiae,,M3836,,,JGI,,,,1162671
Saccharomyces,cerevisiae,,M3837,,,JGI,,,,1162672
Saccharomyces,cerevisiae,,M3838,,,JGI,,,,1162673
Saccharomyces,cerevisiae,,M3839,,,JGI,,,,1162674
Saccharomyces,cerevisiae,,P283,,Ensembl,,,,NCBI,1177187
Saccharomyces,cerevisiae,,P301,,Ensembl,,,,NCBI,1182968
Saccharomyces,cerevisiae,,R008,,Ensembl,,,,NCBI,1182966
Saccharomyces,cerevisiae,,R103,,Ensembl,,,,NCBI,1182967
Saccharomyces,cerevisiae,,RM11-1a,,Ensembl,,,,NCBI,285006
Saccharomyces,cerevisiae,,S288C,,Ensembl,JGI,FungiDB,,NCBI,559292
Saccharomyces,cerevisiae,,S288C,,,,,,,559292
Saccharomyces,cerevisiae,,Vin13,,Ensembl,,,,NCBI,764099
Saccharomyces,cerevisiae,,VL3,,Ensembl,,,,NCBI,764100
Saccharomyces,cerevisiae,,x Saccharomyces kudriavzevii VIN7,,Ensembl,,,,NCBI,1095631
Saccharomyces,cerevisiae,,YB210,,,JGI,,,,927258
Saccharomyces,cerevisiae,,YJM1078,,Ensembl,,,,NCBI,1296266
Saccharomyces,cerevisiae,,YJM1083,,Ensembl,,,,NCBI,1292971
Saccharomyces,cerevisiae,,YJM1129,,Ensembl,,,,NCBI,1293430
Saccharomyces,cerevisiae,,YJM1133,,Ensembl,,,,NCBI,1294333
Saccharomyces,cerevisiae,,YJM1190,,Ensembl,,,,NCBI,1294334
Saccharomyces,cerevisiae,,YJM1199,,Ensembl,,,,NCBI,1294335
Saccharomyces,cerevisiae,,YJM1202,,Ensembl,,,,NCBI,1294336
Saccharomyces,cerevisiae,,YJM1208,,Ensembl,,,,NCBI,1294337
Saccharomyces,cerevisiae,,YJM1242,,Ensembl,,,,NCBI,1294338
Saccharomyces,cerevisiae,,YJM1244,,Ensembl,,,,NCBI,1294339
Saccharomyces,cerevisiae,,YJM1248,,Ensembl,,,,NCBI,1294340
Saccharomyces,cerevisiae,,YJM1250,,Ensembl,,,,NCBI,1294341
Saccharomyces,cerevisiae,,YJM1252,,Ensembl,,,,NCBI,1294342
Saccharomyces,cerevisiae,,YJM1273,,Ensembl,,,,NCBI,1294343
Saccharomyces,cerevisiae,,YJM1304,,Ensembl,,,,NCBI,1294344
Saccharomyces,cerevisiae,,YJM1307,,Ensembl,,,,NCBI,1294345
Saccharomyces,cerevisiae,,YJM1311,,Ensembl,,,,NCBI,1294346
Saccharomyces,cerevisiae,,YJM1326,,Ensembl,,,,NCBI,1294347
Saccharomyces,cerevisiae,,YJM1332,,Ensembl,,,,NCBI,1294348
Saccharomyces,cerevisiae,,YJM1336,,Ensembl,,,,NCBI,1294349
Saccharomyces,cerevisiae,,YJM1338,,Ensembl,,,,NCBI,1294350
Saccharomyces,cerevisiae,,YJM1341,,Ensembl,,,,NCBI,1294351
Saccharomyces,cerevisiae,,YJM1342,,Ensembl,,,,NCBI,1294352
Saccharomyces,cerevisiae,,YJM1355,,Ensembl,,,,NCBI,1294353
Saccharomyces,cerevisiae,,YJM1356,,Ensembl,,,,NCBI,1294354
Saccharomyces,cerevisiae,,YJM1381,,Ensembl,,,,NCBI,1294355
Saccharomyces,cerevisiae,,YJM1383,,Ensembl,,,,NCBI,1294356
Saccharomyces,cerevisiae,,YJM1385,,Ensembl,,,,NCBI,1294357
Saccharomyces,cerevisiae,,YJM1386,,Ensembl,,,,NCBI,1294358
Saccharomyces,cerevisiae,,YJM1387,,Ensembl,,,,NCBI,1294359
Saccharomyces,cerevisiae,,YJM1388,,Ensembl,,,,NCBI,1294360
Saccharomyces,cerevisiae,,YJM1389,,Ensembl,,,,NCBI,1294361
Saccharomyces,cerevisiae,,YJM1399,,Ensembl,,,,NCBI,1294362
Saccharomyces,cerevisiae,,YJM1400,,Ensembl,,,,NCBI,1294363
Saccharomyces,cerevisiae,,YJM1401,,Ensembl,,,,NCBI,1294364
Saccharomyces,cerevisiae,,YJM1402,,,,,,,
Saccharomyces,cerevisiae,,YJM1402,,Ensembl,,,,NCBI,1294365
Saccharomyces,cerevisiae,,YJM1415,,Ensembl,,,,NCBI,1294366
Saccharomyces,cerevisiae,,YJM1417,,Ensembl,,,,NCBI,1294367
Saccharomyces,cerevisiae,,YJM1418,,Ensembl,,,,NCBI,1294368
Saccharomyces,cerevisiae,,YJM1419,,Ensembl,,,,NCBI,1294369
Saccharomyces,cerevisiae,,YJM1433,,Ensembl,,,,NCBI,1294370
Saccharomyces,cerevisiae,,YJM1434,,Ensembl,,,,NCBI,1294371
Saccharomyces,cerevisiae,,YJM1439,,Ensembl,,,,NCBI,1294372
Saccharomyces,cerevisiae,,YJM1443,,Ensembl,,,,NCBI,1294373
Saccharomyces,cerevisiae,,YJM1444,,Ensembl,,,,NCBI,1294374
Saccharomyces,cerevisiae,,YJM1447,,Ensembl,,,,NCBI,1294375
Saccharomyces,cerevisiae,,YJM1450,,Ensembl,,,,NCBI,1294376
Saccharomyces,cerevisiae,,YJM1460,,Ensembl,,,,NCBI,1294377
Saccharomyces,cerevisiae,,YJM1463,,Ensembl,,,,NCBI,1294378
Saccharomyces,cerevisiae,,YJM1477,,Ensembl,,,,NCBI,1294379
Saccharomyces,cerevisiae,,YJM1478,,Ensembl,,,,NCBI,1294380
Saccharomyces,cerevisiae,,YJM1479,,Ensembl,,,,NCBI,1294381
Saccharomyces,cerevisiae,,YJM1526,,Ensembl,,,,NCBI,1294382
Saccharomyces,cerevisiae,,YJM1527,,Ensembl,,,,NCBI,1294383
Saccharomyces,cerevisiae,,YJM1549,,Ensembl,,,,NCBI,1294384
Saccharomyces,cerevisiae,,YJM1573,,Ensembl,,,,NCBI,1294385
Saccharomyces,cerevisiae,,YJM1574,,Ensembl,,,,NCBI,1294386
Saccharomyces,cerevisiae,,YJM1592,,Ensembl,,,,NCBI,1294387
Saccharomyces,cerevisiae,,YJM1615,,Ensembl,,,,NCBI,1294388
Saccharomyces,cerevisiae,,YJM189,,Ensembl,,,,NCBI,1294303
Saccharomyces,cerevisiae,,YJM193,,Ensembl,,,,NCBI,1294304
Saccharomyces,cerevisiae,,YJM195,,Ensembl,,,,NCBI,1294305
Saccharomyces,cerevisiae,,YJM244,,Ensembl,,,,NCBI,1294306
Saccharomyces,cerevisiae,,YJM248,,Ensembl,,,,NCBI,1294307
Saccharomyces,cerevisiae,,YJM270,,Ensembl,,,,NCBI,1294308
Saccharomyces,cerevisiae,,YJM271,,Ensembl,,,,NCBI,1294309
Saccharomyces,cerevisiae,,YJM320,,Ensembl,,,,NCBI,947042
Saccharomyces,cerevisiae,,YJM326,,Ensembl,,,,NCBI,468558
Saccharomyces,cerevisiae,,YJM428,,Ensembl,,,,NCBI,947044
Saccharomyces,cerevisiae,,YJM450,,Ensembl,,,,NCBI,1294310
Saccharomyces,cerevisiae,,YJM451,,Ensembl,,,,NCBI,502869
Saccharomyces,cerevisiae,,YJM453,,Ensembl,,,,NCBI,1294311
Saccharomyces,cerevisiae,,YJM456,,Ensembl,,,,NCBI,1294312
Saccharomyces,cerevisiae,,YJM470,,Ensembl,,,,NCBI,1294313
Saccharomyces,cerevisiae,,YJM541,,Ensembl,,,,NCBI,1294314
Saccharomyces,cerevisiae,,YJM554,,Ensembl,,,,NCBI,1294315
Saccharomyces,cerevisiae,,YJM555,,Ensembl,,,,NCBI,1294316
Saccharomyces,cerevisiae,,YJM627,,Ensembl,,,,NCBI,1294317
Saccharomyces,cerevisiae,,YJM681,,Ensembl,,,,NCBI,1294318
Saccharomyces,cerevisiae,,YJM682,,Ensembl,,,,NCBI,1294319
Saccharomyces,cerevisiae,,YJM683,,Ensembl,,,,NCBI,1294320
Saccharomyces,cerevisiae,,YJM689,,Ensembl,,,,NCBI,1294321
Saccharomyces,cerevisiae,,YJM693,,Ensembl,,,,NCBI,1294322
Saccharomyces,cerevisiae,,YJM789,,Ensembl,,,,NCBI,307796
Saccharomyces,cerevisiae,,YJM969,,Ensembl,,,,NCBI,1294323
Saccharomyces,cerevisiae,,YJM972,,Ensembl,,,,NCBI,1294324
Saccharomyces,cerevisiae,,YJM975,,Ensembl,,,,NCBI,1294325
Saccharomyces,cerevisiae,,YJM978,,Ensembl,,,,NCBI,1294326
Saccharomyces,cerevisiae,,YJM981,,Ensembl,,,,NCBI,1294327
Saccharomyces,cerevisiae,,YJM984,,Ensembl,,,,NCBI,1294328
Saccharomyces,cerevisiae,,YJM987,,Ensembl,,,,NCBI,1294329
Saccharomyces,cerevisiae,,YJM990,,Ensembl,,,,NCBI,1294330
Saccharomyces,cerevisiae,,YJM993,,Ensembl,,,,NCBI,1294331
Saccharomyces,cerevisiae,,YJM996,,Ensembl,,,,NCBI,1294332
Saccharomyces,eubayanus,,,,Ensembl,,,,NCBI,1080349
Saccharomyces,kudriavzevii,,IFO 1802,,Ensembl,,,,NCBI,226230
Saccharomyces,kudriavzevii,,ZP591,,,,,saccharomycessensust,,1165456
Saccharomyces,mikatae,,,,,,,saccharomycessensust,,114525
Saccharomyces,paradoxus,,,,,,,saccharomycessensust,,27291
Saccharomyces,sp.,,'boulardii',,Ensembl,,,,NCBI,252598
Saccharomycetaceae,sp.,,,Ashbya aceri,Ensembl,,,,NCBI,566037
Saccharomycopsis,fermentans,,,Arthroascus fermentans,,JGI,,,,53486
Saitoella,complicata,,NRRL Y-17804,,Ensembl,JGI,,,NCBI,698492
Saksenaea,vasiformis,,B4078,,,JGI,,,NCBI,1274794
Sarcoscypha,coccinea,,,,,JGI,,,,51139
Scedosporium,apiospermum,,,,Ensembl,,,,NCBI,563466
Scheffersomyces,stipitis,,CBS 6054,,Ensembl,,,,NCBI,322104
Schizophyllum,commune,,H4-8,,Ensembl,JGI,,,NCBI,578458
Schizophyllum,commune,,Loenen D,,,JGI,,,,1314666
Schizophyllum,commune,,Tattone D,,,JGI,,,,1314663
Schizopora,paradoxa,,,,Ensembl,JGI,,,NCBI,27342
Schizosaccharomyces,cryophilus,,OY26,,Ensembl,JGI,,,NCBI,653667
Schizosaccharomyces,japonicus,,yFS275,,Ensembl,JGI,FungiDB,,NCBI,402676
Schizosaccharomyces,octosporus,,yFS286,,Ensembl,JGI,FungiDB,,NCBI,483514
Schizosaccharomyces,pombe,,,,Ensembl,JGI,FungiDB,,NCBI,4896
Schizothecium,vesticola,,,,,JGI,,,,314040
Scleroderma,citrinum,,Foug A,,Ensembl,JGI,,,NCBI,1036808
Sclerogaster,hysterangioides,,,,,JGI,,,,1529657
Sclerophora,sanguinea,,,,,JGI,,,,1410009
Sclerotinia,borealis,,F-4128,,Ensembl,,,,NCBI,1432307
Sclerotinia,sclerotiorum,,1980 UF-70,,Ensembl,,FungiDB,,NCBI,665079
Sclerotinia,sclerotiorum,,,,,JGI,,,,5180
Scytalidium,thermophilum,,,Mycothermus thermophilus,,,,fungalgenomics.ca,,85995
Sebacina,vermifera,,MAFF 305830,,,JGI,,,,933852
Sebacina,vermifera,,,,,JGI,,,,109899
Septobasidium,sp.,,PNB30-8B,,,JGI,,,,1884257
Septoria,musiva,,SO2202,Sphaerulina musiva,,JGI,,,,692275
Septoria,populicola,,,,,JGI,,,,215467
Serendipita,indica,,DSM 11827,,Ensembl,,,,NCBI,1109443
Serendipita,vermifera,,MAFF 305830,,Ensembl,,,,NCBI,933852
Serpula,lacrymans,var shastensis,SHA21-2,,,JGI,,,,690234
Serpula,lacrymans,var. lacrymans,S7.3,,Ensembl,JGI,,,NCBI,936435
Serpula,lacrymans,var. lacrymans,S7.9,,Ensembl,JGI,,,NCBI,578457
Setomelanomma,holmii,,,,,JGI,,,,210430
Setosphaeria,turcica,,Et28A,,Ensembl,JGI,,,NCBI,671987
Sirobasidium,intermedium,,,,,JGI,,,,89935
Sistotremastrum,niveocremeum,,HHB9708,,Ensembl,JGI,,,NCBI,1314777
Sistotremastrum,suecicum,,HHB10207 ss-3,,Ensembl,JGI,,,NCBI,1314776
Smittium,culicis,,,,,,,,NCBI,133412
Smittium,mucronatum,,,,,JGI,,,NCBI,133383
Sodiomyces,alkalinus,,,,,JGI,,,,1302862
Sordaria,macrospora,,k-hell,,Ensembl,,FungiDB,,NCBI,771870
Sparassis,latifolia,,,,,JGI,,,,1202976
Spathaspora,passalidarum,,NRRL Y-27907,,Ensembl,JGI,,,NCBI,619300
Spathularia,flavida,,,,,JGI,,,,33158
Sphaerobolus,stellatus,,SS14,,Ensembl,JGI,,,NCBI,990650
Sphaerulina,musiva,,SO2202,,Ensembl,,,,NCBI,692275
Spinellus,fusiger,,,,,JGI,,,,101115
Spizellomyces,punctatus,,DAOM BR117,,Ensembl,JGI,FungiDB,,NCBI,645134
Sporidiobolus,pararoseus,,,,,JGI,,,,5003
Sporidiobolus,salmonicolor,,,,Ensembl,,,,NCBI,5005
Sporisorium,reilianum,f. sp. reilianum,,,,,,,NCBI,72559
Sporisorium,reilianum,,SRZ2,,Ensembl,JGI,FungiDB,,NCBI,999809
Sporisorium,scitamineum,,,,Ensembl,,,,NCBI,49012
Sporobolomyces,linderae,,CBS 7893,,,JGI,,,,1397324
Sporobolomyces,roseus,,,,,JGI,,,,40563
Sporodiniella,umbellata,,,,,JGI,,,,101117
Sporopachydermia,lactativora,,,,,JGI,,,,45794
Sporormia,fimetaria,,,,,JGI,,,,718229
Sporothrix,brasiliensis,,5110,,Ensembl,,,,NCBI,1398154
Sporothrix,insectorum,,RCEF 264,,Ensembl,,,,NCBI,1081102
Sporothrix,schenckii,,1099-18,,Ensembl,,,,NCBI,1397361
Sporothrix,schenckii,,ATCC 58251,,Ensembl,,,,NCBI,1391915
Spraguea,lophii,,42_110,,Ensembl,,,,NCBI,1358809
Stachybotrys,chartarum,,IBT 40288,,Ensembl,,,,NCBI,1283842
Stachybotrys,chartarum,,IBT 40293,,Ensembl,,,,NCBI,1280524
Stachybotrys,chartarum,,IBT 7711,,Ensembl,,,,NCBI,1280523
Stachybotrys,chlorohalonata,,IBT 40285,,Ensembl,,,,NCBI,1283841
Stachybotrys,elegans,,,,,JGI,,,,80388
Stagonospora,sp.,,SRC1lsM3a,,Ensembl,,,,,765868
Stagonospora,sp.,,SRC1lsM3a,,,JGI,,,NCBI,765868
Stanjemonium,grisellum,,,,,JGI,,,,73508
Stemphylium,lycopersici,,,,Ensembl,JGI,,,NCBI,183478
Stereum,hirsutum,,FP-91666 SS1,,Ensembl,JGI,,,NCBI,721885
Sterigmatomyces,hyphaenes,,,Agaricostilbum hyphaenes,,JGI,,,,44565
Sugiyamaella,americana,,NRRL YB-2067,,,JGI,,,,796026
Sugiyamaella,lignohabitans,,,,Ensembl,,,,NCBI,796027
Suhomyces,tanzawaensis,,NRRL Y-17324,,,,,,NCBI,984487
Suillus,americanus,,,,,JGI,,,,48561
Suillus,brevipes,,,,,JGI,,,,48565
Suillus,decipiens,,,,,JGI,,,,48569
Suillus,granulatus,,,,,JGI,,,,48571
Suillus,hirtellus,,,,,JGI,,,,279518
Suillus,luteus,,UH-Slu-Lm8-n1,,Ensembl,JGI,,,NCBI,930992
Suillus,pictus,,,,,JGI,,,,222705
Suillus,tomentosus,,,,,JGI,,,,48589
Symbiotaphrina,kochii,,,,,JGI,,,,40221
Sympodiomyces,attinorum,,,,,JGI,,,,254439
Syncephalastrum,racemosum,,,,,JGI,,,NCBI,13706
Syncephalis,fuscata,,,,,JGI,,,,1851187
Syncephalis,plumigaleata,,,,,JGI,,,,1851185
Talaromyces,aculeatus,,,,,JGI,,,,36649
Talaromyces,atroroseus,,,,,,,,NCBI,1441469
Talaromyces,borbonicus,,CBS 141340,Talaromyces sp. JH-2018,,JGI,,,,2077152
Talaromyces,cellulolyticus,,,,Ensembl,,,,NCBI,1472165
Talaromyces,islandicus,,,,Ensembl,,,,NCBI,28573
Talaromyces,marneffei,,ATCC 18224,,Ensembl,JGI,FungiDB,,NCBI,441960
Talaromyces,marneffei,,PM1,,Ensembl,,,,NCBI,1077442
Talaromyces,proteolyticus,,,,,JGI,,,,1131652
Talaromyces,stipitatus,,ATCC 10500,,Ensembl,JGI,FungiDB,,NCBI,441959
Talaromyces,verruculosus,,,,,,,,NCBI,198730
Taphrina,deformans,,PYCC 5710,,,JGI,,,NCBI,5011
Teratosphaeria,nubilosa,,CBS 116005,,,JGI,,,,161662
Terfezia,boudieri,,ATCC MYA-4762,,,JGI,,,,1051890
Terfezia,claveryi,,T7,,,JGI,,,,10760
Termitomyces,sp.,,J132,,Ensembl,,,,NCBI,1306850
Testicularia,cyperi,,,,,JGI,,,,1882483
Tetrapisispora,blattae,,CBS 6284,,Ensembl,,,,NCBI,1071380
Tetrapisispora,phaffii,,CBS 4417,,Ensembl,,,,NCBI,1071381
Thamnidium,elegans,,,,,JGI,,,,101142
Thanatephorus,cucumeris,,,,,JGI,,,,107832
Thelebolus,microsporus,,,,,JGI,,,,319061
Thelebolus,stercoreus,,,,,JGI,,,,46453
Thelephora,ganbajun,,,,,JGI,,,,370292
Thermoascus,aurantiacus,,,,,JGI,,,,5087
Thermoascus,crustaceus,,,,,,,fungalgenomics.ca,,5088
Thermomyces,dupontii,,,,,,,fungalgenomics.ca,,28565
Thermomyces,lanuginosus,,SSBP,,,JGI,,,,1158138
Thermothelomyces,thermophila,,ATCC 42464,,Ensembl,,,,NCBI,573729
Thielavia,antarctica,,CBS 123565,,,JGI,,,,1450530
Thielavia,appendiculata,,CBS 731.68,,,JGI,,,,1384585
Thielavia,arenaria,,CBS 508.74,,,JGI,,,,1384583
Thielavia,australiensis,,,,,,,fungalgenomics.ca,,113626
Thielavia,hyrcaniae,,CBS 757.83,,,JGI,,,,1384584
Thielavia,terrestris,,NRRL 8126,,Ensembl,JGI,,,NCBI,578455
Thielaviopsis,punctulata,,,,Ensembl,,,,NCBI,72032
Thozetella,sp.,,PMI_491,,,JGI,,,,1506992
Tilletia,caries,,,,Ensembl,,,,NCBI,13290
Tilletia,controversa,,,,Ensembl,,,,NCBI,13291
Tilletia,indica,,,,Ensembl,,,,NCBI,43049
Tilletia,walkeri,,,,Ensembl,,,,NCBI,117179
Tilletiaria,anomala,,UBC 951,,Ensembl,JGI,,,NCBI,1037660
Tilletiopsis,albescens,,,,,JGI,,,,58915
Tilletiopsis,sp.,,TKC30,,,JGI,,,,1954214
Tilletiopsis,washingtonensis,,,,,JGI,,,,58919
Tolypocladium,inflatum,,,,,JGI,,,,29910
Tolypocladium,ophioglossoides,,CBS 100239,,Ensembl,,,,NCBI,1163406
Tolypocladium,paradoxum,,,,,,,,NCBI,94208
Torpedospora,radiata,,,,,JGI,,,,311114
Torrubiella,hemipterigena,,,,Ensembl,,,,NCBI,1531966
Tortispora,caseinolytica,,NRRL Y-17796,,Ensembl,JGI,,,NCBI,767744
Torulaspora,delbrueckii,,CBS 1146,,Ensembl,JGI,,,NCBI,4950
Tothia,fuscella,,,,,JGI,,,,1048955
Trachipleistophora,hominis,,,,Ensembl,,,,NCBI,72359
Trametes,betulina,,CIRM-BRFM 1801,Lenzites betulinus,,JGI,,,,5632
Trametes,cingulata,,,,,JGI,,,,575983
Trametes,cinnabarina,,,,Ensembl,,,,NCBI,5643
Trametes,coccinea,,BRFM310,,,,,,NCBI,1353009
Trametes,gibbosa,,,,,JGI,,,,160864
Trametes,ljubarskyi,,,,,JGI,,,,1140396
Trametes,meyenii,,,,,JGI,,,,526243
Trametes,pubescens,,,,Ensembl,JGI,,,NCBI,154538
Trametes,sanguinea,,,Pycnoporus sanguineus,,JGI,,,,158606
Trametes,versicolor,,FP-101664 SS1,,Ensembl,JGI,,,NCBI,717944
Trametopsis,cervina,,,,,JGI,,,,1111950
Trematosphaeria,pertusa,,CBS 122368,,,JGI,,,,1447946
Tremella,encephala,,,,,JGI,,,,71784
Tremella,mesenterica,,DSM 1558,,Ensembl,JGI,FungiDB,,NCBI,578456
Trichaptum,abietinum,,,,,JGI,,,,40452
Trichodelitschia,bisporula,,,,,JGI,,,,703511
Trichoderma,asperellum,,CBS 433.97,,,JGI,,,NCBI,101201
Trichoderma,atroviride,,IMI 206040,,Ensembl,JGI,,,NCBI,452589
Trichoderma,citrinoviride,,,,,JGI,,,NCBI,58853
Trichoderma,gamsii,,,,Ensembl,JGI,,,NCBI,398673
Trichoderma,guizhouense,,,,Ensembl,,,,NCBI,1491466
Trichoderma,harzianum,,CBS 226.95,,Ensembl,JGI,,,NCBI,983964
Trichoderma,longibrachiatum,,ATCC 18648,,,JGI,,,NCBI,983965
Trichoderma,parareesei,,,,,,,,NCBI,858221
Trichoderma,reesei,,QM6a,,,,FungiDB,,NCBI,431241
Trichoderma,reesei,,RUT C-30,,Ensembl,JGI,,,NCBI,1344414
Trichoderma,reesei,,,,,JGI,,,NCBI,51453
Trichoderma,virens,,,,Ensembl,JGI,,,,413071
Tricholoma,matsutake,,945,,,JGI,,,,1095628
Trichomonascus,petasosporus,,,,,JGI,,,,64416
Trichophaea,hybrida,,,,,JGI,,,,47213
Trichophyton,benhamiae,,CBS 112371,,Ensembl,,,,NCBI,663331
Trichophyton,equinum,,CBS 127.97,,Ensembl,,,,NCBI,559882
Trichophyton,interdigitale,,H6,,Ensembl,,,,NCBI,1215336
Trichophyton,interdigitale,,MR816,,Ensembl,,,,NCBI,1215338
Trichophyton,rubrum,,CBS 100081,,Ensembl,,,,NCBI,1215328
Trichophyton,rubrum,,CBS 118892,,Ensembl,JGI,,,NCBI,559305
Trichophyton,rubrum,,CBS 202.88,,Ensembl,,,,NCBI,1215334
Trichophyton,rubrum,,CBS 288.86,,Ensembl,,,,NCBI,1215330
Trichophyton,rubrum,,CBS 289.86,,Ensembl,,,,NCBI,1215329
Trichophyton,rubrum,,CBS 735.88,,Ensembl,,,,NCBI,1215332
Trichophyton,rubrum,,D6,,Ensembl,,,,NCBI,1215335
Trichophyton,rubrum,,MR1448,,Ensembl,,,,NCBI,1215339
Trichophyton,rubrum,,MR1459,,Ensembl,,,,NCBI,1215341
Trichophyton,rubrum,,MR850,,Ensembl,,,,NCBI,1215337
Trichophyton,soudanense,,CBS 452.61,,Ensembl,,,,NCBI,1215331
Trichophyton,tonsurans,,CBS 112818,,Ensembl,,,,NCBI,647933
Trichophyton,verrucosum,,HKI 0517,,Ensembl,JGI,,,NCBI,663202
Trichophyton,violaceum,,,,Ensembl,,,,NCBI,34388
Trichosporon,asahii,var. asahii,CBS 2479,,Ensembl,JGI,,,NCBI,1186058
Trichosporon,asahii,var. asahii,CBS 8904,,Ensembl,JGI,,,NCBI,1220162
Trichosporon,chiarellii,,,,,JGI,,,,457529
Trichosporon,guehoae,,,,,JGI,,,,105714
Trichosporon,oleaginosus,,,,,JGI,,,,879819
Trinosporium,guianense,,CBS 132537,,,JGI,,,,1196434
Tritirachium,sp.,,CBS 265.96,,,JGI,,,,1055551
Truncatella,angustata,,,,,JGI,,,,152316
Trypethelium,eluteriae,,,,,JGI,,,,364715
Tsuchiyaea,wingfieldii,,CBS 7118,,Ensembl,,,,NCBI,1295528
Tuber,borchii,,,,,JGI,,,NCBI,42251
Tuber,melanosporum,,Mel28,,Ensembl,JGI,,,NCBI,656061
Tulasnella,calospora,,AL13/4D,,,JGI,,,,1051891
Tulasnella,calospora,,MUT 4182,,Ensembl,,,,NCBI,1051891
Umbelopsis,ramanniana,,AG,,,JGI,,,,1314678
Umbelopsis,sp.,,AD052,,,JGI,,,,1883073
Umbilicaria,pustulata,,,,Ensembl,,,,NCBI,136370
Uncinocarpus,reesii,,1704,,Ensembl,JGI,FungiDB,,NCBI,336963
Usnea,florida,,,,,JGI,,,,111620
Ustilaginoidea,virens,,,,Ensembl,JGI,,,NCBI,1159556
Ustilago,bromivora,,,,Ensembl,,,,NCBI,307758
Ustilago,hordei,,Uh4857_4,,Ensembl,JGI,,,NCBI,1128400
Ustilago,maydis,,521,,Ensembl,JGI,FungiDB,,NCBI,237631
Valetoniellopsis,laxa,,CBS 191.97,,,JGI,,,,152775
Valsa,mali,var. pyri,,,Ensembl,,,,NCBI,694573
Valsa,mali,,,,Ensembl,,,,NCBI,105487
Vanderwaltozyma,polyspora,,DSM 70294,,Ensembl,,,,NCBI,436907
Vararia,minispora,,EC-137,,,JGI,,,,1314806
Vavraia,culicis,subsp. floridensis,,,Ensembl,,,,NCBI,948595
Venturia,inaequalis,,,,,JGI,,,,5025
Venturia,pirina,,,,,JGI,,,,415593
Verruconis,gallopava,,,,Ensembl,JGI,,,NCBI,253628
Verruculina,enalia,,,Didymosphaeria enalia,,JGI,,,,85948
Verticillium,alfalfae,,VaMs.102,,Ensembl,JGI,,,NCBI,526221
Verticillium,dahliae,,JR2,,Ensembl,,,,,1202531
Verticillium,dahliae,,VdLs.17,,Ensembl,JGI,,,NCBI,498257
Verticillium,longisporum,,,,Ensembl,,,,NCBI,100787
Violaceomyces,palustris,,SA 807,Ustilaginomycotina sp. SA 807,,JGI,,,,1673888
Vittaforma,corneae,,ATCC 50505,,Ensembl,,,,NCBI,993615
Volvariella,volvacea,,V23,,,JGI,,,,706473
Vuilleminia,comedens,,,,,JGI,,,,47058
Wallemia,ichthyophaga,,EXF-994,,Ensembl,JGI,,,NCBI,1299270
Wallemia,mellicola,,CBS 633.66,,Ensembl,,,,NCBI,671144
Wallemia,sebi,,,,,JGI,,,,148960
Westerdykella,ornata,,CBS 379.55,,,JGI,,,,318751
Wickerhamiella,domercqiae,,NRRL Y-6692,,,JGI,,,,45788
Wickerhamomyces,anomalus,,NRRL Y-366-8,,Ensembl,JGI,,,NCBI,683960
Wickerhamomyces,ciferrii,,,,Ensembl,,,,NCBI,1041607
Wilcoxina,mikolae,,CBS 423.85,,,JGI,,,,1314677
Wolfiporia,cocos,,MD-104 SS10,,,JGI,,,NCBI,742152
Xanthophyllomyces,dendrorhous,,,,Ensembl,,,,NCBI,5421
Xanthoria,parietina,,46-1-SA22,,,JGI,,,,714311
Xenasmatella,vaga,,,,,JGI,,,,301416
Xerocomus,badius,,,,,JGI,,,,36058
Xylaria,hypoxylon,,,,,JGI,,,,37992
Xylariales,sp.,,PMI_506,,,JGI,,,,1940296
Xylona,heveae,,TC161,,Ensembl,JGI,,,NCBI,1328760
Yarrowia,lipolytica,,CLIB122,,Ensembl,JGI,FungiDB,,NCBI,284591
Yarrowia,lipolytica,,,,,JGI,,,NCBI,4952
Zancudomyces,culisetae,,COL-18-3,,,JGI,,,NCBI,1213189
Zasmidium,cellare,,ATCC 36951,,,JGI,,,,1080233
Zopfia,rhizophila,,,,,JGI,,,,160035
Zychaea,mexicana,,RSA 1403,,,JGI,,,,64656
Zygoascus,hellenicus,,,,,JGI,,,,5621
Zygosaccharomyces,bailii,,CLIB 213,,,,,EMBL,NCBI,1333698
Zygosaccharomyces,bailii,,ISA1307,,Ensembl,,,,NCBI,1355161
Zygosaccharomyces,parabailii,,,,Ensembl,,,,NCBI,1365886
Zygosaccharomyces,rouxii,,CBS 732,,Ensembl,JGI,,,NCBI,559307
Zymoseptoria,ardabiliae,,STIR04_1.1.1,,,JGI,,,,985147
Zymoseptoria,brevis,,,,Ensembl,JGI,,,NCBI,1047168
Zymoseptoria,pseudotritici,,STIR04_2.2.1,,,JGI,,,,985140
Zymoseptoria,tritici,,IPO323,,Ensembl,,FungiDB,,NCBI,336722
Zymoseptoria,tritici,,ST99CH_1A5,,,,,,NCBI,1276529
Zymoseptoria,tritici,,ST99CH_3D7,,,,,,NCBI,1276538
